GID_0,Max,Mean,Min
USA,0.0,0.0,0.0
USA,0.0,0.0,0.0
USA,0.0,0.0,0.0
USA,0.0,0.0,0.0
USA,0.0,0.0,0.0
USA,0.0,0.0,0.0
USA,0.0,0.0,0.0
USA,0.0,0.0,0.0
USA,0.0,0.0,0.0
USA,0.0,0.0,0.0
USA,0.0,0.0,0.0
USA,0.0,0.0,0.0
USA,0.0,0.0,0.0
USA,0.0,0.0,0.0
USA,0.0,0.0,0.0
USA,0.0,0.0,0.0
USA,0.0,0.0,0.0
USA,0.0,0.0,0.0
USA,0.0,0.0,0.0
USA,0.0,0.0,0.0
USA,0.0,0.0,0.0
USA,0.0,0.0,0.0
USA,0.0,0.0,0.0
USA,0.0,0.0,0.0
USA,0.0,0.0,0.0
USA,0.0,0.0,0.0
USA,0.0,0.0,0.0
USA,0.0,0.0,0.0
USA,0.0,0.0,0.0
USA,0.0,0.0,0.0
USA,0.0,0.0,0.0
USA,0.0,0.0,0.0
USA,0.0,0.0,0.0
USA,0.0,0.0,0.0
USA,0.0,0.0,0.0
USA,0.0,0.0,0.0
USA,0.0,0.0,0.0
USA,0.0,0.0,0.0
USA,0.0,0.0,0.0
USA,0.0,0.0,0.0
USA,0.0,0.0,0.0
USA,0.0,0.0,0.0
USA,0.0,0.0,0.0
USA,0.0,0.0,0.0
USA,0.0,0.0,0.0
USA,0.0,0.0,0.0
USA,0.0,0.0,0.0
USA,0.0,0.0,0.0
USA,0.0,0.0,0.0
USA,0.0,0.0,0.0
USA,0.0,0.0,0.0
USA,0.0,0.0,0.0
USA,0.0,0.0,0.0
USA,0.0,0.0,0.0
USA,0.0,0.0,0.0
USA,0.0,0.0,0.0
USA,0.0,0.0,0.0
USA,0.0,0.0,0.0
USA,0.0,0.0,0.0
USA,0.0,0.0,0.0
USA,0.0,0.0,0.0
USA,0.0,0.0,0.0
USA,0.0,0.0,0.0
USA,0.0,0.0,0.0
USA,0.0,0.0,0.0
USA,0.0,0.0,0.0
USA,0.0,0.0,0.0
USA,0.5817833542823792,0.005092628979027752,0.0
USA,0.8386833667755127,0.00010511228903320807,0.0
USA,0.48375001549720764,-5847.893081140274,-9999.90234375
USA,0.19644999504089355,-2185.825618907913,-9999.90234375
USA,0.47019997239112854,0.043402709839442236,0.0
USA,0.0,-6235.5712890625,-9999.90234375
USA,0.7421000003814697,-2215.203796740653,-9999.90234375
USA,0.0,-6656.135939952905,-9999.90234375
USA,3.553016424179077,0.6434332843104626,0.0
USA,3.4480831623077393,0.7252875951071007,0.0
USA,0.4949999749660492,-2836.4522266010727,-9999.90234375
USA,1.486287236213684,-153.92260017811574,-415.9817199707031
USA,0.33301666378974915,-38.620270232283744,-416.6625061035156
USA,0.8566665649414062,-674.4426877293138,-9999.90234375
USA,0.0,-7549.677515741604,-9999.90234375
USA,0.0,-2894.7085731907896,-9999.90234375
USA,0.0,-4581.679838320463,-9999.90234375
USA,0.0,-6339.068529211957,-9999.90234375
USA,2.4926631450653076,-102.09825349578581,-416.6190185546875
USA,1.3927499055862427,-79.46316414745525,-416.51611328125
USA,3.472683906555176,-197.40489023672487,-9999.90234375
USA,0.0,-5036.715518727022,-9999.90234375
USA,2.416566848754883,-5647.537197975717,-9999.90234375
USA,0.0,-6013.0560322745905,-9999.90234375
USA,0.4205092489719391,-122.2563630934635,-416.4800109863281
USA,0.0,-5791.440502565299,-9999.90234375
USA,0.6589803695678711,-9.305764610761532,-416.563720703125
USA,1.396130919456482,0.5349029705442566,0.0
USA,0.5653390288352966,-0.4654845156109086,-416.3727722167969
USA,1.463748574256897,0.26583470590412617,0.0
USA,2.3729608058929443,0.40476198203506925,0.0
USA,0.5263944268226624,-9.028059715115361,-416.2018737792969
USA,1.0047987699508667,0.10047111681529454,0.0
USA,1.2510164976119995,0.2832141239293075,0.0
USA,1.061759114265442,0.14019166844384576,0.0
USA,0.5448049902915955,0.108240400541985,0.0
USA,1.4551087617874146,0.571594266510672,0.0
USA,2.3729608058929443,0.6330323066722834,0.0
USA,0.9673216342926025,0.6065318037163128,0.0
USA,1.18346107006073,0.14510988846605777,0.0
USA,1.3876172304153442,0.22670909293810837,0.0
USA,0.043135058134794235,0.004435128775574932,0.0
USA,0.023410992696881294,0.006884812479256652,0.0
USA,0.028570516034960747,0.002426573874496777,0.0
USA,0.0,0.0,0.0
USA,0.00741981528699398,0.0009094068570993841,0.0
USA,0.0150747150182724,0.004934267739433077,0.0
USA,0.007963930256664753,0.0027484768888825784,0.0
USA,0.006632179021835327,0.0003647057422702866,0.0
USA,0.03811977803707123,0.004056317858027926,0.0
USA,0.012078146450221539,0.0007286604384370591,0.0
USA,0.04205704107880592,0.0071282559119936195,0.0
USA,0.0314539335668087,0.0032019265657557603,0.0
USA,0.004719825927168131,0.0002686886419420868,0.0
USA,0.01719530113041401,0.0012019619437827107,0.0
USA,0.003333333181217313,0.00044444442416230836,0.0
USA,0.000827092444524169,3.496898216326372e-05,0.0
USA,0.006664574146270752,0.00019968686640259832,0.0
USA,0.0,0.0,0.0
USA,0.0,0.0,0.0
USA,0.003333333181217313,0.0001352315777694457,0.0
USA,0.06972367316484451,0.007333477726206183,0.0
USA,0.05583180487155914,0.006926609575202747,0.0
USA,0.003333333181217313,0.00018518517673429515,0.0
USA,0.003340887138620019,9.642512554169766e-05,0.0
USA,0.0018031831132248044,0.00012624872572444105,0.0
USA,0.012083332985639572,0.0019047618377953767,0.0
USA,0.0024999999441206455,8.333333147068819e-05,0.0
USA,0.009548052214086056,0.0022311730849651212,0.0
USA,0.05047018453478813,0.009924642440132124,0.0
USA,0.003333333181217313,0.000645833311136812,0.0
USA,0.05047018453478813,0.003373249665628464,0.0
USA,0.08938155323266983,0.009546668323673657,0.0
USA,0.014028027653694153,0.001260273733350914,0.0
USA,0.0,0.0,0.0
USA,0.043135058134794235,0.005199297507190042,0.0
USA,0.008497468195855618,0.0004325712345437043,0.0
USA,0.01904609613120556,0.002919870478156857,0.0
USA,0.006048112642019987,0.0002579342333774548,0.0
USA,0.0,0.0,0.0
USA,0.06972367316484451,0.008445099150828484,0.0
USA,0.05047018453478813,0.009059667492147127,0.0
USA,0.0037499999161809683,8.341726296142345e-05,0.0
USA,0.050686851143836975,0.0064399466362027894,0.0
USA,0.0,0.0,0.0
USA,0.0284306388348341,0.001139358535874635,0.0
USA,0.02572046034038067,0.006686622706313626,0.0
USA,0.0,0.0,0.0
USA,0.0,0.0,0.0
USA,0.004583333153277636,0.0002636143161604802,0.0
USA,0.014296197332441807,0.0014523628916192268,0.0
USA,0.0,0.0,0.0
USA,0.004003047477453947,0.000367235377173832,0.0
USA,0.003333333181217313,0.00018518517673429515,0.0
USA,0.0,0.0,0.0
USA,0.04088890925049782,0.0025990857488068287,0.0
USA,0.0,0.0,0.0
USA,0.01710565946996212,0.0009967686280669156,0.0
USA,0.004999999888241291,0.0003273809450634179,0.0
USA,0.01249999925494194,0.001304232981055975,0.0
USA,0.050686851143836975,0.0016300093244623255,0.0
USA,0.02670414000749588,0.0018267492181621493,0.0
USA,0.0,0.0,0.0
USA,0.0,0.0,0.0
USA,0.016625482589006424,0.00038699685109754175,0.0
USA,0.004600776359438896,0.00019062130657922742,0.0
USA,0.016625482589006424,0.0013919854463438242,0.0
USA,0.01710565946996212,0.0015646509412666394,0.0
USA,0.011805765330791473,0.0004345315329763772,0.0
USA,0.08938155323266983,0.006576080858108721,0.0
USA,0.006658494006842375,0.0007598119927570224,0.0
USA,0.004600776359438896,0.00019926658590390745,0.0
USA,0.0,0.0,0.0
USA,0.019861212000250816,0.0007311704016670033,0.0
USA,0.0,0.0,0.0
USA,0.004999999888241291,7.936507759113161e-05,0.0
USA,0.294156551361084,0.01698866916247223,0.0
USA,0.27189311385154724,-152.96239847500277,-416.5581970214844
USA,0.372622013092041,0.051238708399857086,0.0
USA,0.009622306562960148,8.747551420872861e-05,0.0
USA,0.8659093976020813,0.11167006703643975,0.0
USA,0.01535740401595831,0.0003196411205201664,0.0
USA,0.294156551361084,0.01184026443388575,0.0
USA,0.0,0.0,0.0
USA,0.27189311385154724,-32.02591266166356,-416.6336975097656
USA,0.8508682250976562,-28.45073081274027,-416.6612243652344
USA,0.0,0.0,0.0
USA,0.0741666629910469,0.0009217284916138107,0.0
USA,0.3905387222766876,0.08233085642926383,0.0
USA,0.32833653688430786,-23.131786793818993,-416.6625061035156
USA,0.6338291764259338,0.063769944608642,0.0
USA,0.45070216059684753,0.0636174751901611,0.0
USA,0.0007861217600293458,1.7469372445096572e-05,0.0
USA,0.18100117146968842,-26.039551629357316,-416.6625061035156
USA,0.6595179438591003,0.019893493757805043,0.0
USA,0.8508682250976562,-21.256314793305716,-416.6291198730469
USA,0.0016666665906086564,5.9523806807452016e-05,0.0
USA,0.8081075549125671,-25.919581579277292,-416.6191101074219
USA,0.0,0.0,0.0
USA,0.8081075549125671,0.05836019527826768,0.0
USA,0.18100117146968842,-46.289547069045106,-833.3250122070312
USA,0.1469922810792923,-72.52151370011552,-416.6593933105469
USA,0.7853903770446777,0.030110485257689123,0.0
USA,0.0,0.0,0.0
USA,0.0006961618200875819,-24.80122104396606,-416.6625061035156
USA,0.26737746596336365,0.053699940452740215,0.0
USA,0.008117001503705978,-33.473436478571955,-416.6596984863281
USA,0.024252360686659813,-15.431564415759338,-416.6625061035156
USA,0.5054762959480286,0.0415033069993021,0.0
USA,0.059713225811719894,0.0059376406971068715,0.0
USA,0.2814662754535675,0.024693151696048903,0.0
USA,0.4878281354904175,0.015300073663692465,0.0
USA,0.6555900573730469,0.09782797163755029,0.0
USA,0.0008333332953043282,6.401646263449428e-05,0.0
USA,0.6489347815513611,0.10003725661843216,0.0
USA,0.14845363795757294,0.01438509889777606,0.0
USA,0.023867228999733925,0.006403980529453943,0.0
USA,0.04198912903666496,0.0024538686611984993,0.0
USA,0.08811009675264359,0.014251126887733358,0.0
USA,0.08811009675264359,0.020575196935533314,0.0
USA,0.02295243926346302,-15.35039422995178,-416.6625061035156
USA,0.024252360686659813,-41.66510848759921,-416.6625061035156
USA,0.24639087915420532,-1.5721854609059709,-416.6625061035156
USA,0.011147339828312397,0.0008465083794564836,0.0
USA,0.0,0.0,0.0
USA,0.8659093976020813,0.09160068576139482,0.0
USA,0.016147470101714134,0.001776228237542368,0.0
USA,0.0016666665906086564,2.506265549787453e-05,0.0
USA,0.16344740986824036,-4.2705643946955645,-416.6625061035156
USA,0.7071083188056946,-39.06881095385126,-416.6625061035156
USA,0.6631899476051331,-63.581618143193836,-416.6341857910156
USA,0.11903843283653259,0.0067717613778423775,0.0
USA,0.3498241901397705,0.006547063821926713,0.0
USA,0.009622306562960148,0.00024201635304572328,0.0
USA,0.07079999893903732,0.01267040255761458,0.0
USA,0.0018955236300826073,0.00031801122903137485,0.0
USA,0.07839999347925186,0.023372562320097736,0.0
USA,0.15521666407585144,0.05060462850378826,0.0
USA,0.01708333194255829,0.003444389511081508,0.0
USA,0.0627666637301445,0.014804601061371159,0.0
USA,0.0826166644692421,0.008173336547926218,0.0
USA,0.07079999893903732,0.023024690359306987,0.0
USA,0.030816668644547462,0.004179634902357066,0.0
USA,0.32678329944610596,0.019161666051788345,0.0
USA,0.002050000010058284,0.00018024817026685014,0.0
USA,0.15008333325386047,0.034916361548609776,0.0
USA,0.07360616326332092,0.01624419820556966,0.0
USA,0.0510166697204113,0.01355347523623485,0.0
USA,0.04258333146572113,0.01307530853409844,0.0
USA,0.3931225538253784,0.05812407751994518,0.0
USA,0.021983331069350243,0.002090277593197243,0.0
USA,1.1737333536148071,0.40181082983811695,0.0
USA,0.02240000106394291,0.0016845287099970716,0.0
USA,0.03491666540503502,0.0015112808475654068,0.0
USA,0.18479998409748077,0.035213799633748315,0.0
USA,0.19290000200271606,0.06610681567690335,0.0
USA,0.06931666284799576,0.011810792539142767,0.0
USA,0.052500005811452866,0.002562310598622472,0.0
USA,2.643841980898287e-05,2.2032016507485728e-06,0.0
USA,0.0,0.0,0.0
USA,0.4671333134174347,0.04880343014969045,0.0
USA,0.9420332908630371,0.29538987330826266,0.0
USA,0.11494230479001999,0.020469308679158377,0.0
USA,0.0,0.0,0.0
USA,0.026933329179883003,0.0009286968654426649,0.0
USA,0.04306666925549507,0.007097627876138546,0.0
USA,0.39603328704833984,0.0285380587065247,0.00018884586461354047
USA,0.3754333257675171,0.13488272719883493,0.0
USA,0.04306666553020477,0.008617091185442405,0.0
USA,0.08834999799728394,0.004772391275456097,0.0
USA,0.1623273342847824,0.01526984152461051,0.0
USA,0.2899499833583832,0.0358139619505683,0.0
USA,0.007083333563059568,0.00019947496417346754,0.0
USA,1.0569894313812256,0.04780899325560313,0.0
USA,0.8471166491508484,0.22964666411280632,0.0
USA,0.013549999333918095,0.00032729043428120967,0.0
USA,0.3916833698749542,0.20556113375471785,0.0
USA,0.7302129864692688,0.11157733817612205,0.0
USA,0.01588333211839199,0.0016561058778279403,0.0
USA,0.056199997663497925,0.010773785333697106,0.0
USA,1.3048666715621948,0.3033280955893653,0.0
USA,0.021966665983200073,0.002774409085850493,0.0
USA,0.003212360665202141,0.0006562911539731431,0.0
USA,0.052500005811452866,0.010125703222130748,0.0
USA,0.04356667026877403,0.007960510297152723,0.0
USA,0.0510166697204113,0.012997033444371987,0.0
USA,0.017249999567866325,0.0012166666257612771,0.0
USA,0.3603999614715576,0.060893729335111856,0.0
USA,0.0,0.0,0.0
USA,0.8133500218391418,0.09655449063843156,0.0
USA,1.0589165687561035,0.386894261961182,0.0
USA,1.3127332925796509,0.35856751544134957,0.0
USA,0.0,0.0,0.0
USA,0.021966665983200073,0.001499448887400268,0.0
USA,0.028950000181794167,0.003016271672095172,0.0
USA,0.034449998289346695,0.00087837449640473,0.0
USA,0.08834999799728394,0.006855914312357537,0.0
USA,0.00544253783300519,0.0009501806030031707,0.0
USA,0.0,0.0,0.0
USA,0.0,0.0,0.0
USA,0.0,0.0,0.0
USA,0.0,0.0,0.0
USA,0.0,0.0,0.0
USA,0.0,0.0,0.0
USA,0.0,0.0,0.0
USA,0.0,0.0,0.0
USA,0.0,0.0,0.0
USA,0.0,0.0,0.0
USA,0.0,0.0,0.0
USA,0.0,0.0,0.0
USA,0.0,0.0,0.0
USA,0.0,0.0,0.0
USA,0.0011340060736984015,0.00011651668786985933,0.0
USA,0.0,0.0,0.0
USA,0.0031888410449028015,7.388105104955566e-05,0.0
USA,0.019814342260360718,0.00038976154750204074,0.0
USA,0.0,0.0,0.0
USA,0.0016666665906086564,6.172839224476505e-05,0.0
USA,0.0,0.0,0.0
USA,0.0,0.0,0.0
USA,0.0024999999441206455,5.450909325190878e-05,0.0
USA,0.0,0.0,0.0
USA,0.0,0.0,0.0
USA,0.0,0.0,0.0
USA,0.0,0.0,0.0
USA,0.0,0.0,0.0
USA,0.0,0.0,0.0
USA,0.0,0.0,0.0
USA,0.0,0.0,0.0
USA,0.0,0.0,0.0
USA,0.0,0.0,0.0
USA,0.0,0.0,0.0
USA,0.0,0.0,0.0
USA,0.0,0.0,0.0
USA,0.0,0.0,0.0
USA,0.0,0.0,0.0
USA,0.0,0.0,0.0
USA,0.0,0.0,0.0
USA,0.0,0.0,0.0
USA,0.0031888410449028015,0.0002277743603502001,0.0
USA,0.0,0.0,0.0
USA,0.0,0.0,0.0
USA,0.0,0.0,0.0
USA,0.0,0.0,0.0
USA,0.00416666641831398,0.00032536274299369933,0.0
USA,0.0,0.0,0.0
USA,0.0,0.0,0.0
USA,0.0,0.0,0.0
USA,0.0,0.0,0.0
USA,0.004373438190668821,0.00021317580581775735,0.0
USA,0.0,0.0,0.0
USA,0.0016666665906086564,5.787036772946724e-05,0.0
USA,0.002605421468615532,4.661103032251251e-05,0.0
USA,0.16710162162780762,0.003374518628836432,0.0
USA,0.0,0.0,0.0
USA,0.0,0.0,0.0
USA,0.0,0.0,0.0
USA,0.0,0.0,0.0
USA,0.0,0.0,0.0
USA,0.0066965664736926556,9.933208057191222e-05,0.0
USA,0.0,0.0,0.0
USA,0.0,0.0,0.0
USA,0.0,0.0,0.0
USA,0.0,0.0,0.0
USA,0.0,0.0,0.0
USA,0.0031888410449028015,0.00012018358975183219,0.0
USA,0.0,0.0,0.0
USA,0.004373438190668821,0.0001571989236658232,0.0
USA,0.0,0.0,0.0
USA,0.0,0.0,0.0
USA,0.0,0.0,0.0
USA,0.0,0.0,0.0
USA,0.0,0.0,0.0
USA,0.0,0.0,0.0
USA,0.0,0.0,0.0
USA,0.0,0.0,0.0
USA,0.0,0.0,0.0
USA,0.0,0.0,0.0
USA,0.0,0.0,0.0
USA,0.0,0.0,0.0
USA,0.0,0.0,0.0
USA,0.0,0.0,0.0
USA,0.0,0.0,0.0
USA,0.0,0.0,0.0
USA,0.0,0.0,0.0
USA,0.0,0.0,0.0
USA,0.0,0.0,0.0
USA,0.0,0.0,0.0
USA,0.0,0.0,0.0
USA,0.0,0.0,0.0
USA,0.0,0.0,0.0
USA,0.0,0.0,0.0
USA,0.0,0.0,0.0
USA,0.0,0.0,0.0
USA,0.0,0.0,0.0
USA,0.0,0.0,0.0
USA,0.0,0.0,0.0
USA,0.0,0.0,0.0
USA,0.0,0.0,0.0
USA,0.0,0.0,0.0
USA,0.0,0.0,0.0
USA,0.0,0.0,0.0
USA,0.0,0.0,0.0
USA,0.0,0.0,0.0
USA,0.0,0.0,0.0
USA,0.0,0.0,0.0
USA,0.0,0.0,0.0
USA,0.0,0.0,0.0
USA,0.0,0.0,0.0
USA,0.0,0.0,0.0
USA,0.0,0.0,0.0
USA,0.0,0.0,0.0
USA,0.0,0.0,0.0
USA,0.0,0.0,0.0
USA,0.0,0.0,0.0
USA,0.0,0.0,0.0
USA,0.0,0.0,0.0
USA,0.0,0.0,0.0
USA,0.0,0.0,0.0
USA,0.0,0.0,0.0
USA,0.0,0.0,0.0
USA,0.0,0.0,0.0
USA,0.0,0.0,0.0
USA,0.0,0.0,0.0
USA,0.0,0.0,0.0
USA,0.0,0.0,0.0
USA,0.0,0.0,0.0
USA,0.0,0.0,0.0
USA,0.0,0.0,0.0
USA,0.0,0.0,0.0
USA,0.0,0.0,0.0
USA,0.0,0.0,0.0
USA,0.0,0.0,0.0
USA,0.0,0.0,0.0
USA,0.0,0.0,0.0
USA,0.0,0.0,0.0
USA,0.0,0.0,0.0
USA,0.0,0.0,0.0
USA,0.0,0.0,0.0
USA,0.0,0.0,0.0
USA,0.0,0.0,0.0
USA,0.0,0.0,0.0
USA,0.0,0.0,0.0
USA,0.0,0.0,0.0
USA,0.0,0.0,0.0
USA,0.0,0.0,0.0
USA,0.0,0.0,0.0
USA,0.0,0.0,0.0
USA,0.0,0.0,0.0
USA,0.0,0.0,0.0
USA,0.0,0.0,0.0
USA,0.0,0.0,0.0
USA,0.0,0.0,0.0
USA,0.0,0.0,0.0
USA,0.0,0.0,0.0
USA,0.0,0.0,0.0
USA,0.0,0.0,0.0
USA,0.0,0.0,0.0
USA,0.0,0.0,0.0
USA,0.0,0.0,0.0
USA,0.0,0.0,0.0
USA,0.0,0.0,0.0
USA,0.0,0.0,0.0
USA,0.0,0.0,0.0
USA,0.0,0.0,0.0
USA,0.0,0.0,0.0
USA,0.0,0.0,0.0
USA,0.0,0.0,0.0
USA,0.0,0.0,0.0
USA,0.0,0.0,0.0
USA,0.0,0.0,0.0
USA,0.0,0.0,0.0
USA,0.0,0.0,0.0
USA,0.0,0.0,0.0
USA,0.0,0.0,0.0
USA,0.0,0.0,0.0
USA,0.0,0.0,0.0
USA,0.0,0.0,0.0
USA,0.0,0.0,0.0
USA,0.0,0.0,0.0
USA,0.0,0.0,0.0
USA,0.0,0.0,0.0
USA,0.0,0.0,0.0
USA,0.0,0.0,0.0
USA,0.0,0.0,0.0
USA,0.0,0.0,0.0
USA,0.0,0.0,0.0
USA,0.0,0.0,0.0
USA,0.0,0.0,0.0
USA,0.0,0.0,0.0
USA,0.0,0.0,0.0
USA,0.0,0.0,0.0
USA,0.0,0.0,0.0
USA,0.0,0.0,0.0
USA,0.0,0.0,0.0
USA,0.0,0.0,0.0
USA,0.0,0.0,0.0
USA,0.0,0.0,0.0
USA,0.0,0.0,0.0
USA,0.0,0.0,0.0
USA,0.0,0.0,0.0
USA,0.0,0.0,0.0
USA,0.0,0.0,0.0
USA,0.0,0.0,0.0
USA,0.0,0.0,0.0
USA,0.0,0.0,0.0
USA,0.0,0.0,0.0
USA,0.0,0.0,0.0
USA,0.0,0.0,0.0
USA,0.0,0.0,0.0
USA,0.0,0.0,0.0
USA,0.0,0.0,0.0
USA,0.0,0.0,0.0
USA,0.0,0.0,0.0
USA,0.0,0.0,0.0
USA,0.0,0.0,0.0
USA,0.0,0.0,0.0
USA,0.0,0.0,0.0
USA,0.0,0.0,0.0
USA,0.0,0.0,0.0
USA,0.0,0.0,0.0
USA,0.0,0.0,0.0
USA,0.0,0.0,0.0
USA,0.0,0.0,0.0
USA,0.0,0.0,0.0
USA,0.0,0.0,0.0
USA,0.0,0.0,0.0
USA,0.0,0.0,0.0
USA,0.0,0.0,0.0
USA,0.0,0.0,0.0
USA,0.0,0.0,0.0
USA,0.0,0.0,0.0
USA,0.0,0.0,0.0
USA,0.0,0.0,0.0
USA,0.0,0.0,0.0
USA,0.0,0.0,0.0
USA,0.23250000178813934,0.00529562276774197,0.0
USA,0.022286981344223022,0.0016137987497911257,0.0
USA,0.021310610696673393,0.014559141010977328,0.005743301007896662
USA,0.0019266927847638726,5.447602497204106e-06,0.0
USA,0.12339513748884201,0.005137416000902054,0.0
USA,0.08776199817657471,0.009158409840893,0.0
USA,0.0004743496247101575,-481.4607734715252,-833.3250122070312
USA,0.0,-10.41656265258789,-833.3250122070312
USA,0.0,0.0,0.0
USA,0.002947387285530567,-374.99594708374724,-833.3250122070312
USA,6.666666740784422e-05,-166.66488795355903,-833.3250122070312
USA,0.0,-272.48375108506946,-833.3250122070312
USA,0.1022985503077507,-449.7274938561983,-833.3250122070312
USA,0.054237399250268936,-325.75365185608496,-833.3250122070312
USA,6.666666740784422e-05,5.95238101855752e-07,0.0
USA,0.02083333395421505,-164.13901755592087,-833.3250122070312
USA,0.0,-604.159023030599,-833.3250122070312
USA,0.0,-598.9521083831787,-833.3250122070312
USA,0.05163418874144554,0.00549327941345317,0.0
USA,0.0,0.0,0.0
USA,0.10549537092447281,-357.1365650779834,-833.3250122070312
USA,0.061533331871032715,-182.5357774510558,-833.3250122070312
USA,0.014166667126119137,-446.42387779017776,-833.3250122070312
USA,0.0,-541.3691036717421,-833.3250122070312
USA,0.08776199817657471,-263.60151585714647,-833.3250122070312
USA,0.0,0.0,0.0
USA,0.09551665931940079,0.0035817225582902143,0.0
USA,0.08151914924383163,-173.60442306381205,-833.3250122070312
USA,0.0,-138.88750203450522,-833.3250122070312
USA,0.11661381274461746,-420.4285067524471,-833.3250122070312
USA,0.009233334101736546,-138.88598298702516,-833.3250122070312
USA,0.0,0.0,0.0
USA,0.003333333181217313,-238.09268039730367,-833.3250122070312
USA,0.005998300854116678,-238.0925627439586,-833.3250122070312
USA,0.0,-438.98045984903973,-833.3250122070312
USA,0.014498017728328705,-347.21845304422703,-833.3250122070312
USA,0.0,-199.9980029296875,-833.3250122070312
USA,0.0,0.0,0.0
USA,0.0,-138.88750203450522,-833.3250122070312
USA,0.035958826541900635,-117.18419970055402,-833.3250122070312
USA,0.0,-305.55250447591146,-833.3250122070312
USA,0.19021134078502655,-205.02038688613248,-833.3250122070312
USA,0.07352707535028458,-23.805341679928823,-833.3250122070312
USA,0.0,-349.79074586467976,-833.3250122070312
USA,0.003333333181217313,-402.92632458362203,-833.3250122070312
USA,0.0005333333392627537,3.111110927420668e-05,0.0
USA,0.0,-159.08932051225142,-833.3250122070312
USA,0.0,-662.8676036487926,-833.3250122070312
USA,0.060739755630493164,-238.08952988348443,-833.3250122070312
USA,0.0,0.0,0.0
USA,0.0,0.0,0.0
USA,0.0,0.0,0.0
USA,0.00046666665002703667,4.999999873689376e-05,0.0
USA,0.0,0.0,0.0
USA,0.002585184294730425,0.00017490621151713034,0.0
USA,0.0,0.0,0.0
USA,0.009816666133701801,0.0014946427577992186,0.0
USA,0.0,0.0,0.0
USA,0.0,0.0,0.0
USA,0.0,0.0,0.0
USA,0.0,0.0,0.0
USA,0.0,0.0,0.0
USA,0.0,0.0,0.0
USA,0.0,0.0,0.0
USA,0.0,0.0,0.0
USA,0.0,0.0,0.0
USA,0.0,0.0,0.0
USA,0.0001666666503297165,5.952380368918446e-06,0.0
USA,0.0,0.0,0.0
USA,0.0,0.0,0.0
USA,0.0,0.0,0.0
USA,0.0,0.0,0.0
USA,0.0,0.0,0.0
USA,0.0,0.0,0.0
USA,0.0,0.0,0.0
USA,0.0,0.0,0.0
USA,0.0,0.0,0.0
USA,0.0,0.0,0.0
USA,0.0,0.0,0.0
USA,0.0,0.0,0.0
USA,0.0,0.0,0.0
USA,0.0,0.0,0.0
USA,0.0,0.0,0.0
USA,0.0,0.0,0.0
USA,4.221398558001965e-05,3.070108050451381e-06,0.0
USA,0.0,0.0,0.0
USA,0.0,0.0,0.0
USA,0.0,0.0,0.0
USA,0.0,0.0,0.0
USA,0.0,0.0,0.0
USA,0.0,0.0,0.0
USA,0.0346333347260952,0.008581481448143476,0.0
USA,0.0,0.0,0.0
USA,0.0,0.0,0.0
USA,0.0,0.0,0.0
USA,0.0,0.0,0.0
USA,0.0,0.0,0.0
USA,0.002585184294730425,0.0002011169369455144,0.0
USA,0.0,0.0,0.0
USA,0.0,0.0,0.0
USA,0.01668333262205124,0.001884895779312501,0.0
USA,0.0,0.0,0.0
USA,0.0,0.0,0.0
USA,0.0,0.0,0.0
USA,0.0,0.0,0.0
USA,0.0,0.0,0.0
USA,0.0,0.0,0.0
USA,0.0,0.0,0.0
USA,0.0,0.0,0.0
USA,0.0,0.0,0.0
USA,0.0,0.0,0.0
USA,0.0,0.0,0.0
USA,0.0,0.0,0.0
USA,0.0,0.0,0.0
USA,0.000249446282396093,1.439113160965159e-05,0.0
USA,0.0,0.0,0.0
USA,0.0,0.0,0.0
USA,0.0,0.0,0.0
USA,0.0,0.0,0.0
USA,0.0037333329673856497,0.0004481481243298428,0.0
USA,0.0,0.0,0.0
USA,0.0,0.0,0.0
USA,0.0,0.0,0.0
USA,0.0,0.0,0.0
USA,0.0,0.0,0.0
USA,0.0,0.0,0.0
USA,0.0018738657236099243,0.00032118224711060367,0.0
USA,0.0,0.0,0.0
USA,0.0,0.0,0.0
USA,1.7269358068006113e-05,3.1980292760636073e-07,0.0
USA,0.0,0.0,0.0
USA,0.0,0.0,0.0
USA,0.0,0.0,0.0
USA,0.0,0.0,0.0
USA,0.0,0.0,0.0
USA,0.0,0.0,0.0
USA,0.0,0.0,0.0
USA,0.008433333598077297,0.00111805554691576,0.0
USA,0.0,0.0,0.0
USA,0.0,0.0,0.0
USA,0.0,0.0,0.0
USA,0.0,0.0,0.0
USA,0.0,0.0,0.0
USA,0.0,0.0,0.0
USA,0.0,0.0,0.0
USA,0.0,0.0,0.0
USA,0.008616666309535503,0.0005505952030944172,0.0
USA,0.0,0.0,0.0
USA,0.0,0.0,0.0
USA,0.008433333598077297,0.0011083333380762876,0.0
USA,0.0,0.0,0.0
USA,0.0,0.0,0.0
USA,0.0,0.0,0.0
USA,0.0,0.0,0.0
USA,0.0,0.0,0.0
USA,0.0,0.0,0.0
USA,0.0,0.0,0.0
USA,0.0,0.0,0.0
USA,0.0,0.0,0.0
USA,0.0,0.0,0.0
USA,0.0,0.0,0.0
USA,0.0,0.0,0.0
USA,0.0,0.0,0.0
USA,0.0,0.0,0.0
USA,0.0,0.0,0.0
USA,0.0,0.0,0.0
USA,0.0,0.0,0.0
USA,0.0,0.0,0.0
USA,0.0,0.0,0.0
USA,0.0,0.0,0.0
USA,0.0,0.0,0.0
USA,0.0,0.0,0.0
USA,0.0,0.0,0.0
USA,0.0,0.0,0.0
USA,0.0,0.0,0.0
USA,0.0,0.0,0.0
USA,0.0,0.0,0.0
USA,0.0,0.0,0.0
USA,0.0,0.0,0.0
USA,0.0,0.0,0.0
USA,0.0,0.0,0.0
USA,0.0,0.0,0.0
USA,0.0,0.0,0.0
USA,0.0004166666476521641,4.166666476521641e-05,0.0
USA,0.0,0.0,0.0
USA,0.0,0.0,0.0
USA,0.0,0.0,0.0
USA,0.0,0.0,0.0
USA,0.0,0.0,0.0
USA,0.0,0.0,0.0
USA,0.0,0.0,0.0
USA,0.0,0.0,0.0
USA,0.0,0.0,0.0
USA,0.0,0.0,0.0
USA,0.0,0.0,0.0
USA,0.0,0.0,0.0
USA,0.0,0.0,0.0
USA,0.0,0.0,0.0
USA,0.0,0.0,0.0
USA,0.0,0.0,0.0
USA,0.0,0.0,0.0
USA,0.0,0.0,0.0
USA,0.0,0.0,0.0
USA,0.0,0.0,0.0
USA,0.0,0.0,0.0
USA,0.0,0.0,0.0
USA,0.0,0.0,0.0
USA,0.0,0.0,0.0
USA,0.0,0.0,0.0
USA,0.0,0.0,0.0
USA,0.0,0.0,0.0
USA,0.0,0.0,0.0
USA,0.0,0.0,0.0
USA,0.0,0.0,0.0
USA,0.0,0.0,0.0
USA,0.0,0.0,0.0
USA,0.0,0.0,0.0
USA,0.0,0.0,0.0
USA,0.0,0.0,0.0
USA,0.0,0.0,0.0
USA,0.0,0.0,0.0
USA,0.0,0.0,0.0
USA,0.0,0.0,0.0
USA,0.0,0.0,0.0
USA,0.0,0.0,0.0
USA,0.0,0.0,0.0
USA,0.0,0.0,0.0
USA,0.0,0.0,0.0
USA,0.0,0.0,0.0
USA,0.0,0.0,0.0
USA,0.0,0.0,0.0
USA,0.0,0.0,0.0
USA,0.0,0.0,0.0
USA,0.0,0.0,0.0
USA,0.0,0.0,0.0
USA,0.0,0.0,0.0
USA,0.0,0.0,0.0
USA,0.0,0.0,0.0
USA,0.0,0.0,0.0
USA,0.0004166666476521641,3.930609091185033e-05,0.0
USA,0.0,0.0,0.0
USA,0.0,0.0,0.0
USA,0.0,0.0,0.0
USA,0.0,0.0,0.0
USA,0.0,0.0,0.0
USA,0.0,0.0,0.0
USA,0.0,0.0,0.0
USA,0.0,0.0,0.0
USA,0.0022999998182058334,0.00016888887997386823,0.0
USA,0.0,0.0,0.0
USA,0.003399999812245369,0.0007013888791031301,0.0
USA,0.009399998933076859,0.0006472221625699603,0.0
USA,0.0009666666737757623,6.388888959918404e-05,0.0
USA,0.066233329474926,0.016187499842089892,0.0
USA,0.0,0.0,0.0
USA,0.016833333298563957,0.002146666606737805,0.0
USA,0.0,0.0,0.0
USA,0.0,0.0,0.0
USA,0.013183333911001682,0.0010125244854937894,0.0
USA,0.0038666666951030493,0.0010455555112760825,0.0
USA,0.004649999551475048,0.0004722221788142633,0.0
USA,0.059083327651023865,0.011586110881125933,0.0
USA,0.0,0.0,0.0
USA,0.066233329474926,0.028477221791399644,0.0007666666060686111
USA,0.011699999682605267,0.0009472221995565633,0.0
USA,8.333332516485825e-05,6.19516096220549e-06,0.0
USA,0.00013333333481568843,4.761904814846016e-06,0.0
USA,0.0027666669338941574,0.00035901681380892116,0.0
USA,0.0,0.0,0.0
USA,0.0,0.0,0.0
USA,0.011699999682605267,0.002218055470393665,0.0
USA,0.000249446282396093,1.3047959312946962e-05,0.0
USA,0.04861666262149811,0.021790740313008428,0.004366666544228792
USA,0.023866666480898857,0.0030995237096379112,0.0
USA,0.04856666550040245,0.0211814807391622,0.003583333222195506
USA,0.03251666948199272,0.005096296349519334,0.0
USA,0.0008333332953043282,4.333333145041251e-05,0.0
USA,0.00351666659116745,0.0008124999673479275,0.0
USA,0.0,0.0,0.0
USA,0.01746666617691517,0.0025799998995353233,0.0
USA,0.0,0.0,0.0
USA,0.00011666665523080155,4.999999631157455e-06,0.0
USA,0.0031333330553025007,0.0010072221707863112,0.0
USA,0.0242166668176651,0.0056516666731719544,0.00026666666963137686
USA,0.0019499999471008778,0.0003588888821468572,0.0
USA,0.0,0.0,0.0
USA,0.0,0.0,0.0
USA,0.11143333464860916,0.040893749392125756,0.000733333348762244
USA,0.14784999191761017,0.03213749845745042,0.0007999999797903001
USA,8.333332516485825e-05,6.66666601318866e-06,0.0
USA,0.00686666602268815,0.00033666664797541064,0.0
USA,0.03460000082850456,0.0032899999720939375,0.0
USA,0.0,0.0,0.0
USA,0.0,0.0,0.0
USA,0.0338333323597908,0.0037080167636910724,0.0
USA,0.013300000689923763,0.002585000036924612,0.0
USA,0.0,0.0,0.0
USA,0.15781666338443756,0.040691903080525144,0.0019833333790302277
USA,0.0,0.0,0.0
USA,0.017550000920891762,0.004345333391684108,0.0
USA,0.000249446282396093,1.3842897991318231e-05,0.0
USA,0.0,0.0,0.0
USA,0.05674999952316284,0.019166873766759334,0.00038832201971672475
USA,0.0,0.0,0.0
USA,0.0,0.0,0.0
USA,0.0,0.0,0.0
USA,0.0,0.0,0.0
USA,0.0,0.0,0.0
USA,0.024466663599014282,0.0033308329610008515,0.0
USA,0.0,0.0,0.0
USA,0.0,0.0,0.0
USA,0.0,0.0,0.0
USA,0.000251365068834275,2.329992569879583e-05,0.0
USA,0.25255000591278076,0.04065444509857722,0.0001666666503297165
USA,0.25255000591278076,0.08075925899255607,0.010233334265649319
USA,0.0,0.0,0.0
USA,0.15781666338443756,0.056181109758714834,0.018283331766724586
USA,0.0005166666815057397,4.2187499616375135e-05,0.0
USA,0.14784999191761017,0.04133750011290734,0.0019000000320374966
USA,0.0007999999797903001,4.888888821975949e-05,0.0
USA,0.0,0.0,0.0
USA,0.0,0.0,0.0
USA,0.0,0.0,0.0
USA,0.0019000000320374966,0.0002877777748532632,0.0
USA,0.00016309948114212602,9.155500466866735e-06,0.0
USA,0.0,0.0,0.0
USA,0.03943333402276039,0.005539412204200289,0.0
USA,0.0031333330553025007,0.0002833333189755649,0.0
USA,0.0,0.0,0.0
USA,0.0,0.0,0.0
USA,0.0,0.0,0.0
USA,0.0,0.0,0.0
USA,0.0,0.0,0.0
USA,0.0,0.0,0.0
USA,0.0,0.0,0.0
USA,0.0,0.0,0.0
USA,0.01746666617691517,0.003571111001171327,0.0
USA,0.008150000125169754,0.0015268518642794031,0.0
USA,0.021449999883770943,0.002522222248080652,0.0
USA,0.0,0.0,0.0
USA,0.0038666666951030493,0.000577777755299596,0.0
USA,0.009999999776482582,0.003990277611592319,0.00046666665002703667
USA,0.008304373361170292,0.0019505575830407907,5.098838300909847e-05
USA,0.1615999937057495,0.046853384207352064,0.0001464332890463993
USA,0.010866104625165462,0.003525113909355631,0.0
USA,0.0,0.0,0.0
USA,0.39203333854675293,0.14676700371007126,0.010679232887923717
USA,0.01331605389714241,0.003267334288238999,0.0
USA,0.007782401517033577,0.0021036358359651786,1.8244685634272173e-05
USA,0.026366665959358215,0.002095833228135494,0.0
USA,0.03819999843835831,0.011600974935217891,3.776917083087028e-06
USA,0.00014729976828675717,1.2432352150426595e-05,0.0
USA,0.004058297723531723,0.0008021228030467379,0.0
USA,0.00544253783300519,0.002868128857309265,0.0005004415288567543
USA,0.09128332883119583,0.00740668870345135,0.0
USA,0.002692942274734378,0.0006605358171176098,0.0
USA,0.0690833330154419,0.004313017204079491,0.0
USA,0.12173331528902054,0.024731343401390403,0.0
USA,0.005180608946830034,0.0008985320998666187,0.0
USA,9.81998528004624e-05,6.294862148574036e-06,0.0
USA,0.004181555937975645,0.0006435876214557841,0.0
USA,0.004573846701532602,0.0005130312563854507,0.0
USA,0.009766667149960995,0.001148499270464577,0.0
USA,0.007351831998676062,0.0010557504981261445,0.0
USA,0.025842299684882164,0.009582478122320026,0.0
USA,0.06346666067838669,0.007355237802611165,0.0
USA,0.0024833332281559706,0.00014986371097810056,0.0
USA,0.5361834168434143,0.15339175245857664,0.006838108878582716
USA,0.27184998989105225,0.060179861967584916,0.0013105901889503002
USA,0.11358332633972168,0.01794904685822465,0.0
USA,0.09151666611433029,0.02867785615879776,0.0
USA,0.12173331528902054,0.020982816303148865,0.008175321854650974
USA,0.0034829711075872183,0.001291304433834739,0.0
USA,0.8862166404724121,0.5600930214393884,0.0
USA,0.7754332423210144,0.15485009431306804,0.0026419535279273987
USA,0.20908333361148834,0.12338973404839634,0.02201141230762005
USA,0.12919999659061432,0.06348147948220786,0.006850000005215406
USA,0.07661666721105576,0.024775999291450718,0.00014999999257270247
USA,0.03971666470170021,0.012215039995117834,0.0
USA,0.07073333114385605,0.011484603695515986,0.0
USA,0.0,0.0,0.0
USA,0.05969999358057976,0.018672221633702673,0.00056666653836146
USA,0.1723833531141281,0.10226916689425707,0.042750000953674316
USA,0.05793332681059837,0.01299761853525914,0.0
USA,0.013447660021483898,0.0030804800121131846,0.0
USA,0.007221316918730736,0.001707218833907973,0.0
USA,0.0001227498141815886,1.4676021497247607e-05,0.0
USA,0.025842299684882164,0.008161194100587939,0.0
USA,0.08708333224058151,0.022485087399504014,0.0
USA,0.0,0.0,0.0
USA,0.0033500001300126314,0.0002511916255960906,0.0
USA,0.004058297723531723,0.000746167773140769,0.0
USA,0.48514997959136963,0.1459333291973356,0.0
USA,0.00812605582177639,0.0020444560203759466,0.0
USA,0.007606711238622665,0.0030744780649131697,0.0004079070931766182
USA,0.022357895970344543,0.00835984413594512,0.0001105727642425336
USA,0.550599992275238,0.3085372016299516,0.017071666195988655
USA,0.03186666592955589,0.008050679321008324,0.0
USA,0.08090000599622726,0.020468602044426614,0.0
USA,0.007755594328045845,0.0018070728519108212,0.0
USA,0.1574999988079071,0.06417344128713012,0.006569948047399521
USA,0.11683332920074463,0.025616665919577435,0.0
USA,0.022357895970344543,0.013314975755444417,0.005400427151471376
USA,0.051899999380111694,0.005735347526466025,2.643841980898287e-05
USA,0.0023246926721185446,0.0002738265098893559,0.0
USA,0.0063125696033239365,0.001964353645697277,0.0
USA,0.020580800250172615,0.007007618043571711,0.0
USA,0.013447660021483898,0.00552492814254947,0.00019523885566741228
USA,0.0020319814793765545,0.0005914652452702285,5.098838300909847e-05
USA,0.5037333369255066,0.1660919000413352,6.666666740784422e-05
USA,0.0047230347990989685,0.0008037279539361667,0.0
USA,0.12173331528902054,0.013494055787103006,0.0
USA,0.20354998111724854,0.011050306046955585,6.231912993825972e-05
USA,0.0690833330154419,0.003694207670605465,9.442293048778083e-06
USA,0.06346666067838669,0.014646874624304473,0.0
USA,0.0031084027141332626,0.00038637862671748736,0.0
USA,0.009995217435061932,0.00118275658960935,0.0
USA,0.0005166666815057397,3.125000027163575e-05,0.0
USA,0.00522347679361701,0.0020581686390926278,0.0
USA,0.05873333290219307,0.009285493628003341,0.0
USA,0.0,0.0,0.0
USA,0.27184998989105225,0.09681835218465754,0.014686543494462967
USA,0.0021415119990706444,0.00032886443045522263,0.0
USA,0.4666999876499176,0.05477650318061933,0.0009952177060768008
USA,0.5037333369255066,0.14685766461438365,0.005961863789707422
USA,0.39203333854675293,0.1071411718459179,0.0058145648799836636
USA,0.08640000224113464,0.00754006046994012,9.442293048778083e-06
USA,0.3757833242416382,0.11057933226518799,0.0
USA,0.006300000008195639,0.0007352381041398205,0.0
USA,0.13438332080841064,0.0203500943439091,0.0
USA,0.009375913999974728,0.0023558771930159614,0.0
USA,0.7901332974433899,0.32186492798144983,0.0009536716970615089
USA,0.40610000491142273,0.12140856342185066,0.0005004415288567543
USA,0.0014087901217862964,0.000160518982537334,0.0
USA,0.06684999912977219,0.010644443924926842,0.0
USA,0.15513332188129425,0.031817581031646114,0.0
USA,0.16198332607746124,0.029249239869629188,0.0
USA,1.3219210813986138e-05,2.7540022529137786e-07,0.0
USA,0.517383337020874,0.18437797794952834,0.0020055428612977266
USA,0.8862166404724121,0.5665638289015208,0.0
USA,0.012016285210847855,0.004519401604609031,0.0
USA,0.40610000491142273,0.20203777483354013,0.02356666512787342
USA,0.0,0.0,0.0
USA,0.24113333225250244,0.06878610930871218,0.0009999999310821295
USA,0.003010203130543232,0.0007417708265317439,0.0
USA,0.0022562595549970865,0.00023044196044944934,0.0
USA,0.004372082185000181,0.0007476811451851972,0.0
USA,0.0,0.0,0.0
USA,0.0,0.0,0.0
USA,0.0,0.0,0.0
USA,0.0,0.0,0.0
USA,0.0,0.0,0.0
USA,0.0,0.0,0.0
USA,0.0,0.0,0.0
USA,0.0,0.0,0.0
USA,0.0,0.0,0.0
USA,0.0,0.0,0.0
USA,0.0,0.0,0.0
USA,0.0,0.0,0.0
USA,0.0,0.0,0.0
USA,0.0,0.0,0.0
USA,0.0,0.0,0.0
USA,0.0,0.0,0.0
USA,0.0,0.0,0.0
USA,0.0,0.0,0.0
USA,0.0,0.0,0.0
USA,0.0,0.0,0.0
USA,0.0,0.0,0.0
USA,0.0,0.0,0.0
USA,0.0,0.0,0.0
USA,0.0,0.0,0.0
USA,0.0,0.0,0.0
USA,0.0,0.0,0.0
USA,0.0,0.0,0.0
USA,0.0,0.0,0.0
USA,0.0,0.0,0.0
USA,0.0,0.0,0.0
USA,0.0,0.0,0.0
USA,0.0,0.0,0.0
USA,0.0,0.0,0.0
USA,0.0,0.0,0.0
USA,0.0,0.0,0.0
USA,0.0,0.0,0.0
USA,0.0,0.0,0.0
USA,0.0,0.0,0.0
USA,0.0,0.0,0.0
USA,0.0,0.0,0.0
USA,0.0,0.0,0.0
USA,0.0,0.0,0.0
USA,0.0,0.0,0.0
USA,0.0,0.0,0.0
USA,0.0,0.0,0.0
USA,0.0,0.0,0.0
USA,0.0,0.0,0.0
USA,0.0,0.0,0.0
USA,0.0,0.0,0.0
USA,0.0,0.0,0.0
USA,0.0,0.0,0.0
USA,0.0,0.0,0.0
USA,0.0,0.0,0.0
USA,0.0,0.0,0.0
USA,0.0,0.0,0.0
USA,0.0,0.0,0.0
USA,0.0,0.0,0.0
USA,0.0,0.0,0.0
USA,0.0,0.0,0.0
USA,0.0,0.0,0.0
USA,0.0,0.0,0.0
USA,0.0,0.0,0.0
USA,0.0,0.0,0.0
USA,0.0,0.0,0.0
USA,0.0,0.0,0.0
USA,0.0,0.0,0.0
USA,0.0,0.0,0.0
USA,0.0,0.0,0.0
USA,0.0,0.0,0.0
USA,0.0,0.0,0.0
USA,0.0,0.0,0.0
USA,0.0,0.0,0.0
USA,0.0,0.0,0.0
USA,0.0,0.0,0.0
USA,0.0,0.0,0.0
USA,0.0,0.0,0.0
USA,0.0,0.0,0.0
USA,0.0,0.0,0.0
USA,0.0,0.0,0.0
USA,0.0,0.0,0.0
USA,0.0,0.0,0.0
USA,0.0,0.0,0.0
USA,0.0,0.0,0.0
USA,0.0,0.0,0.0
USA,0.0,0.0,0.0
USA,0.0,0.0,0.0
USA,0.0,0.0,0.0
USA,0.0,0.0,0.0
USA,0.0,0.0,0.0
USA,0.0,0.0,0.0
USA,0.0,0.0,0.0
USA,0.0,0.0,0.0
USA,0.0,0.0,0.0
USA,0.0,0.0,0.0
USA,0.0,0.0,0.0
USA,0.0,0.0,0.0
USA,0.0,0.0,0.0
USA,0.0,0.0,0.0
USA,0.0,0.0,0.0
USA,0.0,0.0,0.0
USA,0.0,0.0,0.0
USA,0.0,0.0,0.0
USA,0.0,0.0,0.0
USA,0.0,0.0,0.0
USA,0.0,0.0,0.0
USA,0.0,0.0,0.0
USA,0.0,0.0,0.0
USA,0.0,0.0,0.0
USA,0.0,0.0,0.0
USA,0.0,0.0,0.0
USA,0.0,0.0,0.0
USA,0.0,0.0,0.0
USA,0.0,0.0,0.0
USA,0.0,0.0,0.0
USA,0.0,0.0,0.0
USA,0.0,0.0,0.0
USA,0.0,0.0,0.0
USA,0.0,0.0,0.0
USA,0.0,0.0,0.0
USA,0.0,0.0,0.0
USA,0.006001979578286409,0.0027564857252097377,0.0
USA,0.00208333320915699,0.00027515490203061036,0.0
USA,0.0015722435200586915,0.00016304622921678756,0.0
USA,0.0013625886058434844,8.793750312179327e-05,0.0
USA,0.025122953578829765,0.0014631818432376132,0.0
USA,0.0007861217600293458,1.6377536667278036e-05,0.0
USA,0.02725570648908615,0.0035875897591332822,0.0
USA,0.028128013014793396,0.008671489015816608,0.0
USA,0.040629785507917404,0.005259982191125379,0.0
USA,0.00208333320915699,0.00019444443557100992,0.0
USA,0.005833332892507315,0.0008833332732319832,0.0
USA,0.0016666665906086564,0.00011723449590915282,0.0
USA,0.019073903560638428,0.0020187814413845815,0.0
USA,0.0,0.0,0.0
USA,0.019073903560638428,0.0023424001195019592,0.0
USA,0.032473910599946976,0.005666892092059632,0.0
USA,0.003930609207600355,0.000397782049064214,0.0
USA,0.0058413404040038586,0.001003283761140968,0.0
USA,0.0030658242758363485,0.0005336805246770382,0.0
USA,0.01745881512761116,0.002538030729313808,0.0
USA,0.012515556998550892,0.0019710980860205988,0.0
USA,0.0054166666232049465,0.000763272776061462,0.0
USA,0.0013906173408031464,5.496077753219103e-05,0.0
USA,0.0,0.0,0.0
USA,0.0,0.0,0.0
USA,0.0,0.0,0.0
USA,0.008750000037252903,0.0018333882908336818,0.0
USA,0.00833333283662796,0.0006745247037283011,0.0
USA,0.003862588433548808,0.0010778740234673023,0.0
USA,0.003452593693509698,0.00025151742003726385,0.0
USA,0.0073891025967895985,0.0003078792748662333,0.0
USA,0.003930609207600355,0.0001310203030395011,0.0
USA,0.006131648551672697,0.0004922490387192132,0.0
USA,0.018965477123856544,0.0010951961858912302,0.0
USA,0.020238220691680908,0.002291278050026651,0.0
USA,0.0,0.0,0.0
USA,0.007499999832361937,0.0005694444291293621,0.0
USA,0.00849121529608965,0.0002659486366830992,0.0
USA,0.004158429801464081,0.00040201210423320945,0.0
USA,0.004999999888241291,0.00023486590320577046,0.0
USA,0.013977819122374058,0.0050959445458526416,0.0
USA,0.013883908279240131,0.001973884806613482,0.0
USA,0.06949272006750107,0.006618770999921253,0.0
USA,0.013798239640891552,0.00040842468305337396,0.0
USA,0.0,0.0,0.0
USA,0.0,0.0,0.0
USA,0.0013625886058434844,0.00014785046078031884,0.0
USA,0.0003188841219525784,3.188841161318123e-05,0.0
USA,0.011850886046886444,0.001052391253382204,0.0
USA,0.0013906173408031464,9.239639362527265e-05,0.0
USA,0.0003552620473783463,4.934195102477032e-06,0.0
USA,0.0,0.0,0.0
USA,0.0,0.0,0.0
USA,0.011453110724687576,0.00027269311249256134,0.0
USA,0.0031888410449028015,0.00016825145987718544,0.0
USA,0.0073891025967895985,0.0002706410230270454,0.0
USA,0.008750000037252903,0.000828483680379577,0.0
USA,0.004317688290029764,0.00036723911654445583,0.0
USA,0.0,0.0,0.0
USA,0.02725570648908615,0.0032916793275424945,0.0
USA,0.0024999999441206455,0.00013144486816599966,0.0
USA,0.011939461342990398,0.0026091256098879968,0.0
USA,0.0017032356699928641,0.0004900170461041853,0.0
USA,0.020238220691680908,0.0014087800891957158,0.0
USA,0.0340999998152256,0.0023095237844418513,0.0
USA,1.2859833240509033,0.038738477945073256,0.0
USA,0.09938332438468933,0.0019404841076803596,0.0
USA,0.014883331954479218,0.0003446153647998402,0.0
USA,0.2039666622877121,0.008926672579504417,0.0
USA,0.02864999882876873,0.0018425594930054753,0.0
USA,0.003181298030540347,4.544711472200496e-05,0.0
USA,0.1326500028371811,0.007436859795133286,0.0
USA,0.0012666666880249977,8.750000142754289e-06,0.0
USA,0.38296663761138916,0.023610635071427646,0.0
USA,0.827383279800415,0.03470730725954409,0.0
USA,0.1326500028371811,0.02290867186578301,0.0
USA,0.3879166543483734,0.011281972471911692,0.0
USA,0.0019000000320374966,6.785714296191665e-05,0.0
USA,0.09416665881872177,0.013500160430039914,0.0
USA,0.0,0.0,0.0
USA,0.0,0.0,0.0
USA,0.0,0.0,0.0
USA,0.0,0.0,0.0
USA,0.0,0.0,0.0
USA,0.0,0.0,0.0
USA,0.0,0.0,0.0
USA,0.0,0.0,0.0
USA,0.0,0.0,0.0
USA,0.0,0.0,0.0
USA,0.0,0.0,0.0
USA,0.0,0.0,0.0
USA,0.0,0.0,0.0
USA,0.0,0.0,0.0
USA,0.0,0.0,0.0
USA,0.0,0.0,0.0
USA,0.0,0.0,0.0
USA,0.0,0.0,0.0
USA,0.0,0.0,0.0
USA,0.0,0.0,0.0
USA,0.0,0.0,0.0
USA,0.0,0.0,0.0
USA,0.0,0.0,0.0
USA,0.0,0.0,0.0
USA,0.0,0.0,0.0
USA,0.0,0.0,0.0
USA,0.0,0.0,0.0
USA,0.0,0.0,0.0
USA,0.0,0.0,0.0
USA,0.0,0.0,0.0
USA,0.0,0.0,0.0
USA,0.0,0.0,0.0
USA,0.0,0.0,0.0
USA,0.0,0.0,0.0
USA,0.0,0.0,0.0
USA,0.0,0.0,0.0
USA,0.0,0.0,0.0
USA,0.0,0.0,0.0
USA,0.004208662081509829,0.00023583874572068452,0.0
USA,0.003333333181217313,0.00015491452247190935,0.0
USA,0.0,0.0,0.0
USA,0.0012499999720603228,3.9062499126885086e-05,0.0
USA,0.0,0.0,0.0
USA,0.0,0.0,0.0
USA,0.0,0.0,0.0
USA,0.0,0.0,0.0
USA,0.0,0.0,0.0
USA,0.0,0.0,0.0
USA,0.0,0.0,0.0
USA,0.0,0.0,0.0
USA,0.0,0.0,0.0
USA,0.0,0.0,0.0
USA,0.0013616570504382253,2.8367855217463028e-05,0.0
USA,0.006890205200761557,0.00024510351830117757,0.0
USA,0.009166666306555271,0.0002684436440985236,0.0
USA,0.0,0.0,0.0
USA,0.0,0.0,0.0
USA,0.0,0.0,0.0
USA,0.0008333332953043282,1.0416666191304102e-05,0.0
USA,0.0,0.0,0.0
USA,0.0,0.0,0.0
USA,0.009468541480600834,0.000523034331207681,0.0
USA,0.0,0.0,0.0
USA,0.0,0.0,0.0
USA,0.0,0.0,0.0
USA,0.0024092704989016056,0.0001420620861204548,0.0
USA,0.0,0.0,0.0
USA,0.0,0.0,0.0
USA,0.0,0.0,0.0
USA,0.0,0.0,0.0
USA,0.0,0.0,0.0
USA,0.0,0.0,0.0
USA,0.0015456940745934844,0.00012744789585537677,0.0
USA,0.0,0.0,0.0
USA,0.0,0.0,0.0
USA,0.0,0.0,0.0
USA,0.0,0.0,0.0
USA,0.0,0.0,0.0
USA,0.0,0.0,0.0
USA,0.0061425380408763885,0.0001392123995541661,0.0
USA,0.0,0.0,0.0
USA,0.0,0.0,0.0
USA,0.0024092704989016056,3.764485154533759e-05,0.0
USA,0.0,0.0,0.0
USA,0.0,0.0,0.0
USA,0.006129027809947729,0.00013176835325014378,0.0
USA,0.012969107367098331,0.000827518265220549,0.0
USA,0.0,0.0,0.0
USA,0.0,0.0,0.0
USA,0.0,0.0,0.0
USA,0.0012499999720603228,5.555555399041623e-05,0.0
USA,0.0,0.0,0.0
USA,0.0,0.0,0.0
USA,0.0,0.0,0.0
USA,0.0,0.0,0.0
USA,0.0,0.0,0.0
USA,0.0,0.0,0.0
USA,0.0,0.0,0.0
USA,0.00208333320915699,5.2083330228924754e-05,0.0
USA,0.0,0.0,0.0
USA,0.0,0.0,0.0
USA,0.0,0.0,0.0
USA,0.0,0.0,0.0
USA,0.0,0.0,0.0
USA,0.0,0.0,0.0
USA,0.0024999999441206455,8.333333147068819e-05,0.0
USA,0.0,0.0,0.0
USA,0.0,0.0,0.0
USA,0.0,0.0,0.0
USA,0.0,0.0,0.0
USA,0.0,0.0,0.0
USA,0.0,0.0,0.0
USA,0.0,0.0,0.0
USA,0.0,0.0,0.0
USA,0.0015456940745934844,3.873554624078679e-05,0.0
USA,0.0,0.0,0.0
USA,0.0,0.0,0.0
USA,0.0,0.0,0.0
USA,0.0,0.0,0.0
USA,0.0,0.0,0.0
USA,0.0,0.0,0.0
USA,0.0,0.0,0.0
USA,0.0,0.0,0.0
USA,0.0,0.0,0.0
USA,0.0,0.0,0.0
USA,0.0,0.0,0.0
USA,0.12409999966621399,0.00867041654928471,0.0
USA,0.006833333056420088,0.0004633333216978437,0.0
USA,0.019583333283662796,0.0038079165245108017,0.0
USA,0.0,0.0,0.0
USA,0.0,0.0,0.0
USA,0.014766666106879711,0.00017937062801939754,0.0
USA,0.19811666011810303,0.025324073599444497,0.0
USA,0.0,0.0,0.0
USA,0.0,0.0,0.0
USA,0.0,0.0,0.0
USA,0.0011666666250675917,9.11458300834056e-06,0.0
USA,0.010266666300594807,0.0031299999540871275,0.0
USA,0.0,0.0,0.0
USA,0.0004333333345130086,2.476190503719928e-05,0.0
USA,0.03384999930858612,0.008181249825611303,0.00019999999494757503
USA,0.0,0.0,0.0
USA,0.022833332419395447,0.0018190475800240944,0.0
USA,0.10798332840204239,0.011815555443657406,0.0
USA,0.004783333279192448,0.00042333333015752336,0.0
USA,0.011816666461527348,0.00045679012226982095,0.0
USA,0.0,0.0,0.0
USA,0.0,0.0,0.0
USA,0.011083331890404224,0.002896111037019485,0.0
USA,0.0,0.0,0.0
USA,0.0,0.0,0.0
USA,0.0,0.0,0.0
USA,0.02983333356678486,0.004478095236117951,0.0
USA,0.0,0.0,0.0
USA,0.04114999994635582,0.004873610857733486,0.0
USA,0.0,0.0,0.0
USA,0.0,0.0,0.0
USA,0.12409999966621399,0.010437962964513443,0.0
USA,0.0011666666250675917,2.433862310782489e-05,0.0
USA,0.0,0.0,0.0
USA,0.002499999711290002,0.0001416666526286766,0.0
USA,0.027583332732319832,0.012072666316526011,0.0004166666476521641
USA,0.028483333066105843,0.015565555077046156,0.009149999357759953
USA,0.0,0.0,0.0
USA,0.0,0.0,0.0
USA,0.022833332419395447,0.003960833210749115,0.0
USA,0.024766666814684868,0.002966666525268617,0.0
USA,0.01773332990705967,0.0020355553628178314,0.0
USA,0.0,0.0,0.0
USA,0.014766666106879711,0.00035444443055894227,0.0
USA,0.10798332840204239,0.023816666072421607,0.0
USA,0.015583332628011703,0.007110714091270763,0.00023333332501351833
USA,0.03266666457056999,0.0066087497055377755,0.0
USA,0.05674999952316284,0.012355714259735707,0.00023333332501351833
USA,0.0,0.0,0.0
USA,0.042783334851264954,0.007258095180856928,0.0
USA,0.0,0.0,0.0
USA,0.0,0.0,0.0
USA,0.0,0.0,0.0
USA,0.0784333273768425,0.019216666178544985,0.0015999999595806003
USA,0.0,0.0,0.0
USA,0.006300000008195639,0.0004124999904888682,0.0
USA,0.0,0.0,0.0
USA,0.0,0.0,0.0
USA,0.13508333265781403,0.012904166515606144,0.0
USA,0.17053331434726715,0.030466666001699526,0.0
USA,0.011816666461527348,0.0011222222154477397,0.0
USA,0.09946665912866592,0.029283998426981272,0.0015999999595806003
USA,0.0,0.0,0.0
USA,0.0,0.0,0.0
USA,0.000366666674381122,1.7857143185600372e-05,0.0
USA,0.0,0.0,0.0
USA,0.03206666558980942,0.006765431977799852,0.0
USA,0.0,0.0,0.0
USA,0.0025166666600853205,0.0003813333272410091,0.0
USA,0.01860000006854534,0.0012776189824632769,0.0
USA,0.19811666011810303,0.0249222216118748,0.0
USA,0.03808332979679108,0.0024836733022571673,0.0
USA,0.0,0.0,0.0
USA,0.000666666601318866,1.7499998375569702e-05,0.0
USA,0.006983333732932806,0.00034666667537142836,0.0
USA,0.004783333279192448,0.0009293333142704796,0.0
USA,0.0,0.0,0.0
USA,0.002166666556149721,0.0003652777641036664,0.0
USA,0.0,0.0,0.0
USA,0.00873333215713501,0.0008185184936640629,0.0
USA,0.0,0.0,0.0
USA,0.020549999549984932,0.0032949998144128283,0.0
USA,0.023630782961845398,0.002733804862059298,0.0
USA,0.0,0.0,0.0
USA,0.008175531402230263,0.0009002817179342466,0.0
USA,0.0016666665906086564,8.333332953043282e-05,0.0
USA,0.0,0.0,0.0
USA,0.0,0.0,0.0
USA,0.0,0.0,0.0
USA,0.0016666665906086564,7.936507574326935e-05,0.0
USA,0.0,0.0,0.0
USA,0.0,0.0,0.0
USA,0.01374999899417162,0.0013904380977952054,0.0
USA,0.0,0.0,0.0
USA,0.0,0.0,0.0
USA,0.0,0.0,0.0
USA,0.01374999899417162,0.002430660976096988,0.0
USA,0.0,0.0,0.0
USA,0.0,0.0,0.0
USA,0.0,0.0,0.0
USA,0.023630782961845398,0.0030058418882877697,0.0
USA,0.0,0.0,0.0
USA,0.0,0.0,0.0
USA,0.0,0.0,0.0
USA,0.0,0.0,0.0
USA,0.0,0.0,0.0
USA,0.005489804316312075,0.0005788795699897621,0.0
USA,0.0016666665906086564,6.944444127536069e-05,0.0
USA,0.0027184586506336927,0.00014595750908483752,0.0
USA,0.006382599472999573,0.0010395202530378896,0.0
USA,0.0,0.0,0.0
USA,0.0,0.0,0.0
USA,0.0,0.0,0.0
USA,0.019999997690320015,0.002428731520922156,0.0
USA,0.0,0.0,0.0
USA,0.0,0.0,0.0
USA,0.0,0.0,0.0
USA,0.0,0.0,0.0
USA,0.0,0.0,0.0
USA,0.0,0.0,0.0
USA,0.0,0.0,0.0
USA,0.0,0.0,0.0
USA,0.0,0.0,0.0
USA,0.0,0.0,0.0
USA,0.01374999899417162,0.00045833329980572067,0.0
USA,0.0,0.0,0.0
USA,0.005833333358168602,0.00023919753126662086,0.0
USA,0.0,0.0,0.0
USA,0.0,0.0,0.0
USA,0.0,0.0,0.0
USA,0.0,0.0,0.0
USA,0.0,0.0,0.0
USA,0.0,0.0,0.0
USA,0.0,0.0,0.0
USA,0.0,0.0,0.0
USA,0.0,0.0,0.0
USA,0.0,0.0,0.0
USA,0.0,0.0,0.0
USA,0.0,0.0,0.0
USA,0.0,0.0,0.0
USA,0.0,0.0,0.0
USA,0.0,0.0,0.0
USA,0.0008333332953043282,3.401360388997258e-05,0.0
USA,0.0008333332953043282,2.7777776510144273e-05,0.0
USA,0.006382599472999573,0.001985748453080305,0.0
USA,0.0,0.0,0.0
USA,0.0,0.0,0.0
USA,0.0,0.0,0.0
USA,0.0,0.0,0.0
USA,0.0,0.0,0.0
USA,0.0,0.0,0.0
USA,0.0,0.0,0.0
USA,0.0,0.0,0.0
USA,0.0,0.0,0.0
USA,0.0,0.0,0.0
USA,0.0,0.0,0.0
USA,0.004122505430132151,0.0005713274482072198,0.0
USA,0.0011889453744515777,0.00012686814706184022,0.0
USA,0.0,0.0,0.0
USA,0.0,0.0,0.0
USA,0.023630782961845398,0.0035037147890155515,0.0
USA,0.0,0.0,0.0
USA,0.0,0.0,0.0
USA,0.005833333358168602,0.0005468601002239329,0.0
USA,0.0,0.0,0.0
USA,0.0003861791919916868,4.075043095023526e-05,0.0
USA,0.0,0.0,0.0
USA,0.0,0.0,0.0
USA,0.0,0.0,0.0
USA,0.01675873063504696,0.0025792009923558605,0.0
USA,0.021778928115963936,0.009529188050186753,0.0
USA,0.07199999690055847,0.008483206023229287,0.0
USA,0.0,0.0,0.0
USA,0.0,0.0,0.0
USA,0.007351831998676062,0.003026681083307873,0.0
USA,0.017785528674721718,0.0019245537521783262,0.0
USA,0.0,0.0,0.0
USA,0.0,0.0,0.0
USA,0.1315000057220459,0.014648742929087652,0.0
USA,0.0,0.0,0.0
USA,0.0,0.0,0.0
USA,0.04798656702041626,0.009409950378540088,0.0
USA,0.015742721036076546,0.0027040754586778347,0.0
USA,0.5451167225837708,0.07498089713044465,0.0
USA,0.0,0.0,0.0
USA,0.012920278124511242,0.0008975791220109386,0.0
USA,0.0,0.0,0.0
USA,0.004383685067296028,0.0007992640580050648,0.0
USA,0.004061192739754915,0.0005990757922215077,0.0
USA,0.004802917130291462,0.00016009723767638207,0.0
USA,0.0,0.0,0.0
USA,0.005506858229637146,0.0003828852311319982,0.0
USA,0.030353879556059837,0.010349960496872276,0.0
USA,0.2057500034570694,0.020036084142824016,0.0
USA,0.0,0.0,0.0
USA,0.0010156207717955112,6.385639717336744e-05,0.0
USA,0.07061666250228882,0.006524672422009254,0.0
USA,0.1044333279132843,0.018940804113905568,0.0
USA,0.008435126394033432,0.0006172785510508609,0.0
USA,0.0,0.0,0.0
USA,0.0,0.0,0.0
USA,0.0,0.0,0.0
USA,0.2057500034570694,0.024065205556932295,0.0
USA,0.0,0.0,0.0
USA,0.0,0.0,0.0
USA,0.010745895095169544,0.0017413170991598496,0.0
USA,0.3283333480358124,0.031627136665216916,0.0
USA,0.0002037323429249227,7.2109953180188315e-06,0.0
USA,0.0,0.0,0.0
USA,0.0561966747045517,0.012431564126122145,0.0
USA,0.02752818912267685,0.002525672715273686,0.0
USA,0.0019278553081676364,0.00013399708756575517,0.0
USA,0.0024107571225613356,0.00011210516580225278,0.0
USA,0.0,0.0,0.0
USA,0.0,0.0,0.0
USA,0.0,0.0,0.0
USA,0.03086666576564312,0.007824393631744897,0.0
USA,0.0,0.0,0.0
USA,0.0025655736681073904,0.0001648096920689568,0.0
USA,0.0,0.0,0.0
USA,0.0,0.0,0.0
USA,0.0,0.0,0.0
USA,0.0,0.0,0.0
USA,0.0,0.0,0.0
USA,0.0024995221756398678,0.00016845927602844314,0.0
USA,0.008975779637694359,0.0017297510769692184,0.0
USA,0.0,0.0,0.0
USA,0.007083333563059568,0.0004513888949683557,0.0
USA,0.0,0.0,0.0
USA,0.08553334325551987,0.008693982543142435,0.0
USA,0.0,0.0,0.0
USA,0.0,0.0,0.0
USA,0.0,0.0,0.0
USA,0.0,0.0,0.0
USA,0.12896665930747986,0.019518931741105108,0.0
USA,0.0,0.0,0.0
USA,0.0,0.0,0.0
USA,0.0,0.0,0.0
USA,0.04798656702041626,0.0031514654640756945,0.0
USA,0.006288974080234766,0.0005390549344675881,0.0
USA,0.132466658949852,0.020414227667060914,0.0
USA,0.0,0.0,0.0
USA,0.0,0.0,0.0
USA,0.0,0.0,0.0
USA,0.11771667003631592,0.010003511351810414,0.0
USA,0.0,0.0,0.0
USA,0.007175499107688665,0.0021638582258371266,0.0
USA,0.3283333480358124,0.06322140887379646,0.01243987213820219
USA,0.01088295504450798,0.0024679794677649625,0.0
USA,0.0,0.0,0.0
USA,0.0,0.0,0.0
USA,0.0,0.0,0.0
USA,0.00027062950539402664,1.4595748507417738e-05,0.0
USA,0.012175287120044231,0.0011303741474486223,0.0
USA,0.04205704107880592,0.007857378123541517,0.0
USA,0.0,0.0,0.0
USA,0.3283333480358124,0.038167660407322855,0.0
USA,0.0004135462222620845,1.148739506283568e-05,0.0
USA,0.0,0.0,0.0
USA,0.0,0.0,0.0
USA,0.0,0.0,0.0
USA,0.0,0.0,0.0
USA,0.0,0.0,0.0
USA,0.0,0.0,0.0
USA,0.0561966747045517,0.007221601365320869,0.0
USA,0.0,0.0,0.0
USA,0.001368351629935205,6.240841390709171e-05,0.0
USA,0.006632179021835327,0.0009881463483907282,0.0
USA,0.0,0.0,0.0
USA,0.014700256288051605,0.0019826879070024006,0.0
USA,0.08535471558570862,0.015104369832572826,0.0
USA,0.032255884259939194,0.01496226139069121,0.0
USA,0.0,0.0,0.0
USA,0.0,0.0,0.0
USA,0.00485612777993083,0.00023033918405417352,0.0
USA,0.042385946959257126,0.028119912329129873,0.0014413302997127175
USA,0.0,0.0,0.0
USA,0.04154673591256142,0.01573917849066978,0.0
USA,0.38348332047462463,-299.9867095548947,-833.3250122070312
USA,0.0,-266.6603333629261,-416.6625061035156
USA,0.07426666468381882,-287.6652512631013,-416.6625061035156
USA,0.08081667125225067,0.0013253621712217202,0.0
USA,0.0010999998776242137,-244.7025012161838,-416.6625061035156
USA,0.0,-268.3054016575669,-416.6625061035156
USA,0.09633209556341171,0.008605787898134926,0.0
USA,0.09633209556341171,-8.329333112842022,-416.6625061035156
USA,0.0,-206.16002146402994,-416.6625061035156
USA,0.0,-378.20135169396036,-416.6625061035156
USA,0.021666666492819786,-309.024344804557,-416.6625061035156
USA,0.00048651243560016155,-428.56511919996484,-833.3250122070312
USA,0.005266666412353516,-245.36609288918447,-416.6625061035156
USA,0.06791666895151138,-151.03987547640378,-416.6625061035156
USA,0.006666666362434626,-396.45963759420465,-833.3250122070312
USA,0.47134995460510254,0.023332864442746733,0.0
USA,0.003333333181217313,-251.60002064083864,-416.6625061035156
USA,0.5123832821846008,-416.61890504681867,-833.3250122070312
USA,0.06791666895151138,-69.44198542518788,-416.6625061035156
USA,6.841580761829391e-05,-583.3269097162325,-833.3250122070312
USA,0.915066659450531,-26.695330797116195,-416.6592102050781
USA,0.18459999561309814,-16.66255358435301,-833.3250122070312
USA,0.043166667222976685,0.0027461938982848246,0.0
USA,0.009466446936130524,-220.3829916513769,-833.3250122070312
USA,0.036692064255476,-150.45996495132425,-833.3250122070312
USA,0.18798333406448364,0.01156016042182273,0.0
USA,0.018554234877228737,-238.71121544639314,-833.3250122070312
USA,0.508233368396759,-22.861333126426292,-833.31201171875
USA,0.0,-311.7684486229103,-416.6625061035156
USA,0.009266666136682034,0.00042887911993602754,0.0
USA,0.00416666641831398,-259.2565805302394,-833.3250122070312
USA,1.2097258149879053e-05,-478.21297343923345,-833.3250122070312
USA,0.06916666775941849,-40.06158311891424,-416.6625061035156
USA,0.030150001868605614,0.0004255424099771124,0.0
USA,0.003333333181217313,-20.83305447184568,-416.6625061035156
USA,1.5203513612505049e-05,-224.24532005541178,-416.6625061035156
USA,0.2797500193119049,-125.63377206147365,-833.32470703125
USA,0.019583333283662796,-284.3884400464964,-416.6625061035156
USA,0.00048651243560016155,-361.7139966454073,-833.3250122070312
USA,0.019999999552965164,-247.39320508003584,-416.6625061035156
USA,0.0,-528.8285745474009,-833.3250122070312
USA,0.0,-263.53013206547143,-416.6625061035156
USA,0.0,-303.88167738376706,-416.6625061035156
USA,0.0024999999441206455,-159.5973316286323,-416.6625061035156
USA,0.01916666515171528,-212.54823006525737,-833.3250122070312
USA,0.0,-292.65580785842167,-416.6625061035156
USA,0.18459999561309814,-309.5101422652702,-833.3250122070312
USA,0.026666665449738503,-119.03678449977976,-416.6625061035156
USA,0.1099499836564064,-15.147577365576382,-416.6625061035156
USA,0.23051665723323822,-175.04999490012742,-833.3250122070312
USA,0.5133166313171387,0.05702617884749088,0.0
USA,0.014999999664723873,-112.4311303581806,-416.6625061035156
USA,0.0,-337.8816361627659,-416.6625061035156
USA,0.011660861782729626,-23.808053949702817,-416.6625061035156
USA,0.004699999932199717,-218.25139708271644,-416.6625061035156
USA,0.08315811306238174,-138.8810381252728,-416.6625061035156
USA,0.0,0.0,0.0
USA,0.0,0.0,0.0
USA,0.0,0.0,0.0
USA,0.0,0.0,0.0
USA,0.0,0.0,0.0
USA,0.0,0.0,0.0
USA,0.0,0.0,0.0
USA,0.0,0.0,0.0
USA,0.0,0.0,0.0
USA,0.0,0.0,0.0
USA,0.0,0.0,0.0
USA,0.0,0.0,0.0
USA,0.0,0.0,0.0
USA,6.666666740784422e-05,1.8518518724401172e-06,0.0
USA,0.01044017169624567,0.0025712326570000088,0.0
USA,0.009166666306555271,0.00021239893278107046,0.0
USA,0.007083333563059568,0.00017525386065244674,0.0
USA,0.0,0.0,0.0
USA,0.0,0.0,0.0
USA,0.0,0.0,0.0
USA,0.0,0.0,0.0
USA,0.0,0.0,0.0
USA,0.0,0.0,0.0
USA,0.0,0.0,0.0
USA,0.0,0.0,0.0
USA,0.0,0.0,0.0
USA,0.0,0.0,0.0
USA,0.0,0.0,0.0
USA,0.00684138759970665,0.003121764212846756,0.0
USA,0.0,0.0,0.0
USA,0.0,0.0,0.0
USA,0.0,0.0,0.0
USA,0.0,0.0,0.0
USA,0.0,0.0,0.0
USA,0.0,0.0,0.0
USA,0.0,0.0,0.0
USA,0.0,0.0,0.0
USA,0.0,0.0,0.0
USA,0.0,0.0,0.0
USA,0.0,0.0,0.0
USA,0.0,0.0,0.0
USA,0.0,0.0,0.0
USA,0.007523505482822657,0.0016466949872362116,0.0
USA,0.005645825993269682,0.0033946624025702477,0.0
USA,0.0,0.0,0.0
USA,0.0,0.0,0.0
USA,0.0,0.0,0.0
USA,0.0,0.0,0.0
USA,0.0,0.0,0.0
USA,0.0,0.0,0.0
USA,0.0,0.0,0.0
USA,0.011666666716337204,0.0018209815490990878,0.0
USA,0.0008333332953043282,4.015450831502676e-05,0.0
USA,6.666666740784422e-05,1.234567914960078e-06,0.0
USA,0.0,0.0,0.0
USA,0.0,0.0,0.0
USA,0.0,0.0,0.0
USA,0.0,0.0,0.0
USA,0.0,0.0,0.0
USA,0.0,0.0,0.0
USA,0.0,0.0,0.0
USA,0.0,0.0,0.0
USA,0.0,0.0,0.0
USA,0.0,0.0,0.0
USA,0.0,0.0,0.0
USA,0.0,0.0,0.0
USA,0.0006843971204943955,7.545064312353134e-05,0.0
USA,0.004015450831502676,0.00020077253866475077,0.0
USA,0.0,0.0,0.0
USA,0.0,0.0,0.0
USA,0.0,0.0,0.0
USA,0.0,0.0,0.0
USA,0.002704964717850089,7.728470622428827e-05,0.0
USA,0.001986021175980568,0.0001362337616797049,0.0
USA,0.0,0.0,0.0
USA,0.0,0.0,0.0
USA,0.0,0.0,0.0
USA,0.0,0.0,0.0
USA,0.0,0.0,0.0
USA,0.0,0.0,0.0
USA,0.0,0.0,0.0
USA,0.0,0.0,0.0
USA,0.0,0.0,0.0
USA,0.0,0.0,0.0
USA,0.0,0.0,0.0
USA,0.0,0.0,0.0
USA,0.0,0.0,0.0
USA,0.0,0.0,0.0
USA,0.0,0.0,0.0
USA,0.0,0.0,0.0
USA,0.0,0.0,0.0
USA,0.0,0.0,0.0
USA,0.0,0.0,0.0
USA,0.019261648878455162,0.00595913668803405,0.0
USA,0.24575042724609375,-4.599433066885326,-416.6030578613281
USA,0.6136772632598877,0.08060312298968939,0.0
USA,0.11733082681894302,-14.86737351357468,-416.64990234375
USA,0.314887672662735,-177.41248696123773,-833.3250122070312
USA,0.19194960594177246,-3.975478526344327,-416.64501953125
USA,0.2610626518726349,-38.93785525522245,-416.6625061035156
USA,0.4586285650730133,-69.42860921281395,-833.3250122070312
USA,0.3789481818675995,-15.979671083794486,-416.6533508300781
USA,0.7891877293586731,0.11646311337950464,0.0
USA,0.1469922810792923,-5.942518302915934,-416.64990234375
USA,0.1469922810792923,-1.9858101218060955,-416.6217346191406
USA,0.29393622279167175,-6.080414846667906,-416.6004333496094
USA,0.08272235840559006,-1.7997899987630754,-416.6625061035156
USA,0.005933515727519989,0.0014202665755874478,0.0
USA,0.10977811366319656,-28.731576226589223,-833.3250122070312
USA,0.2823036015033722,-41.59930664454861,-416.650146484375
USA,0.0,0.0,0.0
USA,0.0004166666476521641,6.613756311939113e-06,0.0
USA,0.0,0.0,0.0
USA,0.0,0.0,0.0
USA,0.0,0.0,0.0
USA,0.0,0.0,0.0
USA,0.0,0.0,0.0
USA,0.0,0.0,0.0
USA,0.0,0.0,0.0
USA,0.0,0.0,0.0
USA,0.0,0.0,0.0
USA,0.0,0.0,0.0
USA,0.0,0.0,0.0
USA,0.0,0.0,0.0
USA,0.0,0.0,0.0
USA,0.0,0.0,0.0
USA,0.0,0.0,0.0
USA,0.0,0.0,0.0
USA,0.0,0.0,0.0
USA,0.0,0.0,0.0
USA,0.0,0.0,0.0
USA,0.0,0.0,0.0
USA,0.0008333332953043282,4.589086664574487e-05,0.0
USA,0.0,0.0,0.0
USA,0.0007728470372967422,2.622527868619987e-05,0.0
USA,0.0,0.0,0.0
USA,0.0,0.0,0.0
USA,0.0,0.0,0.0
USA,0.0,0.0,0.0
USA,0.0,0.0,0.0
USA,0.0,0.0,0.0
USA,0.3231970965862274,-25.95911023055669,-416.58642578125
USA,0.40829017758369446,-1.9119228193435924,-416.3904724121094
USA,0.298444539308548,0.04934185736520329,0.0
USA,0.16699522733688354,0.06180793585954234,0.0
USA,0.08583333343267441,0.022299221048376273,0.0
USA,0.14344172179698944,0.051314951793756336,0.0
USA,0.5011126399040222,0.14734321941781525,0.0
USA,0.08350685983896255,0.006194929456182468,0.0
USA,0.1801971197128296,0.05920815022289727,0.0
USA,0.40829017758369446,0.08562779498799723,0.0
USA,0.5520334839820862,-15.886305175306132,-416.6588134765625
USA,0.3617471158504486,0.05464337153284989,0.0
USA,0.3926473557949066,0.06709620802721475,0.0
USA,0.10104178637266159,0.01354759900906669,0.0
USA,0.2756856083869934,-1.9671060297050995,-416.6148376464844
USA,0.13749998807907104,0.1003956322868665,0.0650833323597908
USA,0.08618885278701782,0.021612324465271133,0.0
USA,0.3122727572917938,0.07305924377564077,0.0
USA,0.4157956540584564,0.03573533079211807,0.0
USA,0.12474075704813004,-1.618783740203285,-416.6577453613281
USA,0.39692357182502747,0.1018987633805308,0.0
USA,0.3095177114009857,0.03719308747427573,0.0
USA,0.19216525554656982,0.019805813596626237,0.0
USA,0.4734933376312256,0.1587829881990179,0.0
USA,0.3809051513671875,-28.337057145857464,-416.6165466308594
USA,0.27822405099868774,-4.99768127365828,-416.5830078125
USA,0.20522159337997437,-81.9854126485509,-416.6052551269531
USA,0.2514598071575165,0.023441604709221842,0.0
USA,0.2514598071575165,-1.7921199566905328,-416.6573791503906
USA,0.4157956540584564,0.04733694918765898,0.0
USA,0.14397545158863068,-152.17820533078898,-416.6588134765625
USA,0.13508833944797516,0.014146520110349324,0.0
USA,0.21538574993610382,0.04783732104041274,0.0
USA,0.0,0.0,0.0
USA,0.0,0.0,0.0
USA,0.0,0.0,0.0
USA,0.0,0.0,0.0
USA,0.0,0.0,0.0
USA,0.015416666865348816,0.0006388888797826237,0.0
USA,0.0,0.0,0.0
USA,0.0,0.0,0.0
USA,0.0,0.0,0.0
USA,0.0,0.0,0.0
USA,0.0,0.0,0.0
USA,0.0,0.0,0.0
USA,0.0007953245076350868,1.0328889709546581e-05,0.0
USA,0.0,0.0,0.0
USA,0.0,0.0,0.0
USA,0.01786666549742222,0.0008555555050590574,0.0
USA,0.0,0.0,0.0
USA,0.0,0.0,0.0
USA,0.0,0.0,0.0
USA,0.0,0.0,0.0
USA,0.0,0.0,0.0
USA,0.0,0.0,0.0
USA,0.0,0.0,0.0
USA,0.0,0.0,0.0
USA,0.0,0.0,0.0
USA,0.0,0.0,0.0
USA,0.0,0.0,0.0
USA,0.0,0.0,0.0
USA,0.0,0.0,0.0
USA,0.0,0.0,0.0
USA,0.0,0.0,0.0
USA,0.0,0.0,0.0
USA,0.0,0.0,0.0
USA,0.0,0.0,0.0
USA,0.0,0.0,0.0
USA,0.0,0.0,0.0
USA,0.0,0.0,0.0
USA,0.015416666865348816,0.0005401234526221675,0.0
USA,0.0,0.0,0.0
USA,0.0,0.0,0.0
USA,0.0,0.0,0.0
USA,0.0,0.0,0.0
USA,0.0,0.0,0.0
USA,0.0,0.0,0.0
USA,0.0,0.0,0.0
USA,0.0,0.0,0.0
USA,0.0,0.0,0.0
USA,0.0,0.0,0.0
USA,0.0,0.0,0.0
USA,0.0,0.0,0.0
USA,0.0,0.0,0.0
USA,0.0004166666476521641,3.0637253503835596e-06,0.0
USA,0.0,0.0,0.0
USA,0.0,0.0,0.0
USA,0.0,0.0,0.0
USA,0.0,0.0,0.0
USA,0.0023166663013398647,4.523808875380801e-05,0.0
USA,0.0,0.0,0.0
USA,0.013333332724869251,0.0004166666476521641,0.0
USA,0.0,0.0,0.0
USA,0.0,0.0,0.0
USA,0.0,0.0,0.0
USA,0.0,0.0,0.0
USA,0.0,0.0,0.0
USA,0.0,0.0,0.0
USA,0.0,0.0,0.0
USA,0.0,0.0,0.0
USA,0.0,0.0,0.0
USA,0.0,0.0,0.0
USA,0.0,0.0,0.0
USA,0.0,0.0,0.0
USA,0.0,0.0,0.0
USA,0.0,0.0,0.0
USA,0.0,0.0,0.0
USA,0.0,0.0,0.0
USA,0.0,0.0,0.0
USA,0.0,0.0,0.0
USA,0.0,0.0,0.0
USA,0.0,0.0,0.0
USA,0.0,0.0,0.0
USA,0.0,0.0,0.0
USA,0.0,0.0,0.0
USA,0.0,0.0,0.0
USA,0.0,0.0,0.0
USA,0.0,0.0,0.0
USA,0.0,0.0,0.0
USA,0.0,0.0,0.0
USA,0.0,0.0,0.0
USA,0.0,0.0,0.0
USA,0.0,0.0,0.0
USA,0.0,0.0,0.0
USA,0.0,0.0,0.0
USA,0.0,0.0,0.0
USA,0.0,0.0,0.0
USA,0.0,0.0,0.0
USA,0.0,0.0,0.0
USA,0.0,0.0,0.0
USA,0.0,0.0,0.0
USA,0.0,0.0,0.0
USA,0.0,0.0,0.0
USA,0.0,0.0,0.0
USA,0.0,0.0,0.0
USA,0.0,0.0,0.0
USA,0.0,0.0,0.0
USA,0.0,0.0,0.0
USA,0.0,0.0,0.0
USA,0.0,0.0,0.0
USA,0.0,0.0,0.0
USA,0.0,0.0,0.0
USA,0.0,0.0,0.0
USA,0.0,0.0,0.0
USA,0.0,0.0,0.0
USA,0.0,0.0,0.0
USA,0.0,0.0,0.0
USA,0.0,0.0,0.0
USA,0.0,0.0,0.0
USA,0.0,0.0,0.0
USA,0.0,0.0,0.0
USA,0.0,0.0,0.0
USA,0.0,0.0,0.0
USA,0.0,0.0,0.0
USA,0.0,0.0,0.0
USA,0.0,0.0,0.0
USA,0.0,0.0,0.0
USA,0.0,0.0,0.0
USA,0.0,0.0,0.0
USA,0.0,0.0,0.0
USA,0.0,0.0,0.0
USA,0.0,0.0,0.0
USA,0.0,0.0,0.0
USA,0.0,0.0,0.0
USA,0.0,0.0,0.0
USA,0.0,0.0,0.0
USA,0.0,0.0,0.0
USA,0.0,0.0,0.0
USA,0.0,0.0,0.0
USA,0.0,0.0,0.0
USA,0.0,0.0,0.0
USA,0.0,0.0,0.0
USA,0.0,0.0,0.0
USA,0.0,0.0,0.0
USA,0.0,0.0,0.0
USA,0.0,0.0,0.0
USA,0.0,0.0,0.0
USA,0.0,0.0,0.0
USA,0.0,0.0,0.0
USA,0.0,0.0,0.0
USA,0.0011340060736984015,3.240017353424004e-05,0.0
USA,0.0,0.0,0.0
USA,0.0,0.0,0.0
USA,0.0,0.0,0.0
USA,0.0,0.0,0.0
USA,0.0,0.0,0.0
USA,0.0,0.0,0.0
USA,0.0,0.0,0.0
USA,0.0,0.0,0.0
USA,0.0,0.0,0.0
USA,0.0,0.0,0.0
USA,0.0,0.0,0.0
USA,0.0,0.0,0.0
USA,0.0,0.0,0.0
USA,0.0,0.0,0.0
USA,0.0,0.0,0.0
USA,0.0,0.0,0.0
USA,0.0,0.0,0.0
USA,0.015833333134651184,0.00046875000407453626,0.0
USA,0.0,0.0,0.0
USA,0.0,0.0,0.0
USA,0.0,0.0,0.0
USA,0.0,0.0,0.0
USA,0.0,0.0,0.0
USA,0.0,0.0,0.0
USA,0.0,0.0,0.0
USA,0.0,0.0,0.0
USA,0.0,0.0,0.0
USA,0.0,0.0,0.0
USA,0.0,0.0,0.0
USA,0.0,0.0,0.0
USA,0.0008333332953043282,3.629629322353544e-05,0.0
USA,0.0,0.0,0.0
USA,0.0,0.0,0.0
USA,0.0,0.0,0.0
USA,0.0,0.0,0.0
USA,0.0,0.0,0.0
USA,0.0,0.0,0.0
USA,0.0,0.0,0.0
USA,0.0,0.0,0.0
USA,0.0,0.0,0.0
USA,0.0,0.0,0.0
USA,0.0,0.0,0.0
USA,0.0,0.0,0.0
USA,0.0,0.0,0.0
USA,0.0,0.0,0.0
USA,0.0,0.0,0.0
USA,0.0,0.0,0.0
USA,0.0,0.0,0.0
USA,0.0,0.0,0.0
USA,0.0,0.0,0.0
USA,0.0,0.0,0.0
USA,0.0,0.0,0.0
USA,0.0,0.0,0.0
USA,0.0,0.0,0.0
USA,0.0,0.0,0.0
USA,0.0,0.0,0.0
USA,0.0,0.0,0.0
USA,0.014166667126119137,0.0003138888976839856,0.0
USA,0.0,0.0,0.0
USA,0.0,0.0,0.0
USA,0.0,0.0,0.0
USA,0.0,0.0,0.0
USA,0.0,0.0,0.0
USA,0.0,0.0,0.0
USA,0.0,0.0,0.0
USA,0.0,0.0,0.0
USA,0.0,0.0,0.0
USA,0.0,0.0,0.0
USA,0.0,0.0,0.0
USA,0.0,0.0,0.0
USA,0.0,0.0,0.0
USA,0.0,0.0,0.0
USA,0.0,0.0,0.0
USA,0.0,0.0,0.0
USA,0.0,0.0,0.0
USA,0.0,0.0,0.0
USA,0.0,0.0,0.0
USA,0.0,0.0,0.0
USA,0.0,0.0,0.0
USA,0.0,0.0,0.0
USA,0.0,0.0,0.0
USA,0.0,0.0,0.0
USA,0.0,0.0,0.0
USA,0.0,0.0,0.0
USA,0.0008333332953043282,7.440475850931502e-05,0.0
USA,0.0,0.0,0.0
USA,0.0,0.0,0.0
USA,0.0,0.0,0.0
USA,0.0,0.0,0.0
USA,0.0,0.0,0.0
USA,0.0,0.0,0.0
USA,0.0,0.0,0.0
USA,0.0,0.0,0.0
USA,0.0,0.0,0.0
USA,0.0,0.0,0.0
USA,0.0,0.0,0.0
USA,0.0,0.0,0.0
USA,0.0,0.0,0.0
USA,0.0,0.0,0.0
USA,0.0,0.0,0.0
USA,0.0,0.0,0.0
USA,0.0,0.0,0.0
USA,0.0,0.0,0.0
USA,0.0,0.0,0.0
USA,0.0,0.0,0.0
USA,0.0,0.0,0.0
USA,0.0,0.0,0.0
USA,0.0,0.0,0.0
USA,0.0,0.0,0.0
USA,0.0,0.0,0.0
USA,0.0,0.0,0.0
USA,0.0,0.0,0.0
USA,0.0,0.0,0.0
USA,0.0008333332953043282,6.666666362434626e-05,0.0
USA,0.0,0.0,0.0
USA,0.0,0.0,0.0
USA,0.0,0.0,0.0
USA,0.0,0.0,0.0
USA,0.0,0.0,0.0
USA,0.0,0.0,0.0
USA,0.0,0.0,0.0
USA,0.0,0.0,0.0
USA,0.0,0.0,0.0
USA,0.0,0.0,0.0
USA,0.0,0.0,0.0
USA,0.0,0.0,0.0
USA,0.0,0.0,0.0
USA,0.0,0.0,0.0
USA,0.0,0.0,0.0
USA,0.0,0.0,0.0
USA,0.0,0.0,0.0
USA,0.0,0.0,0.0
USA,0.0,0.0,0.0
USA,0.0,0.0,0.0
USA,0.0,0.0,0.0
USA,0.0,0.0,0.0
USA,0.0,0.0,0.0
USA,0.0,0.0,0.0
USA,0.0,0.0,0.0
USA,0.0,0.0,0.0
USA,0.0,0.0,0.0
USA,0.0,0.0,0.0
USA,0.0,0.0,0.0
USA,0.0,0.0,0.0
USA,0.0,0.0,0.0
USA,0.0,0.0,0.0
USA,0.0,0.0,0.0
USA,0.0,0.0,0.0
USA,0.0,0.0,0.0
USA,0.0,0.0,0.0
USA,0.0,0.0,0.0
USA,0.0,0.0,0.0
USA,0.0,0.0,0.0
USA,0.0,0.0,0.0
USA,0.0,0.0,0.0
USA,0.025492407381534576,0.0009287881471859041,0.0
USA,0.007978738285601139,0.0005667894156507221,0.0
USA,0.01406624261289835,0.0013078248612904038,0.0
USA,0.03576477989554405,0.00595666926911883,0.0
USA,0.006430609151721001,0.0007889718106395906,0.0
USA,0.005131464917212725,0.0008925004916039013,0.0
USA,0.05484120547771454,0.012024643474163625,0.0
USA,0.029999999329447746,0.0016769279004667699,0.0
USA,0.01268099993467331,0.002968613404248442,0.0
USA,0.004952787887305021,0.0011123733929707669,0.0
USA,3.0215336664696224e-05,1.1690457800536284e-06,0.0
USA,0.012083332985639572,0.0020875891936561353,0.0
USA,0.053558576852083206,0.00886112703705698,0.0
USA,0.023571802303195,0.002131996021327203,0.0
USA,0.009197472594678402,0.0003678989037871361,0.0
USA,0.047083329409360886,0.008332039784969917,0.0
USA,0.03125,0.007080744532036728,0.0
USA,0.0018064124742522836,0.00013115684873052185,0.0
USA,0.0029403299558907747,0.0003032571067539108,0.0
USA,0.07374999672174454,0.002466920363651247,0.0
USA,0.007083333563059568,0.0005972222347433369,0.0
USA,0.00042868012678809464,2.2100778035868037e-05,0.0
USA,0.05499999597668648,0.004384855086091048,0.0
USA,0.008156252093613148,0.001580812162449417,1.8884586097556166e-05
USA,0.0014778206823393703,3.2840459607541564e-05,0.0
USA,0.009661282412707806,0.0007660387539772274,0.0
USA,0.008156252093613148,0.0009051112586478537,0.0
USA,0.044841889292001724,0.00631654415774392,0.0
USA,0.023403046652674675,0.008321046284739472,0.0
USA,0.008750000037252903,0.0009895833092741669,0.0
USA,0.05695570632815361,0.009666432023573179,0.0
USA,0.0,0.0,0.0
USA,0.044841889292001724,0.008057349599853512,0.0
USA,0.022608688101172447,0.0050367435265798125,0.0
USA,0.042407602071762085,0.004241721249491093,0.0
USA,0.002902560867369175,0.0002939385876771894,0.0
USA,0.014061463065445423,0.004252628050582846,0.0
USA,0.028333330526947975,0.0048561038397397,0.0
USA,0.005219699814915657,0.0005748459974711295,0.0
USA,0.01918812282383442,0.000801715143529691,0.0
USA,0.004999999888241291,0.0004222179827744791,0.0
USA,0.011734881438314915,0.0019365520757197547,0.0
USA,0.02518060803413391,0.0020233445240592117,0.0
USA,0.0038203520234674215,0.00014002921120663813,0.0
USA,0.05182529613375664,0.01693031834050392,0.0
USA,0.0018261392833665013,9.714706204249523e-05,0.0
USA,0.0008371102157980204,6.810331008940314e-05,0.0
USA,0.024981118738651276,0.002615959163813386,0.0
USA,0.06969568133354187,0.0068596133276817755,0.0
USA,0.004394487012177706,0.00043125343238768565,0.0
USA,0.06969568133354187,0.005662083599714508,0.0
USA,0.0052027031779289246,0.000525531033034505,0.0
USA,0.009221342392265797,0.0017897717280993674,0.0
USA,0.0007799333543516695,0.00014918823134329223,0.0
USA,0.023571802303195,0.0062196122940544486,0.0
USA,0.0031971605494618416,0.0005865237772518918,0.0
USA,0.008150587789714336,0.0006421108919291193,0.0
USA,0.00018129202362615615,1.3974593480270414e-05,0.0
USA,0.0007459411863237619,2.6396455708284824e-05,0.0
USA,0.0052857957780361176,0.001037168100020204,0.0
USA,0.03314622491598129,0.0029874101502274345,0.0
USA,0.0024999999441206455,0.0001388888857844803,0.0
USA,0.004064006730914116,0.000114755860316845,0.0
USA,0.03314622491598129,0.002685314146098487,0.0
USA,0.032083332538604736,0.005302808677344951,0.0
USA,0.009221342392265797,0.0020390461173115503,0.0
USA,0.0004060186038259417,2.665424535734928e-05,0.0
USA,0.01918812282383442,0.0029826456911621335,0.0
USA,0.01374999899417162,0.0029493664022690307,0.0
USA,0.04333333298563957,0.007950347560886762,0.0
USA,0.016602979972958565,0.006922357699035534,0.0
USA,0.0017015010816976428,0.00019097157928626984,0.0
USA,0.004433461930602789,0.00027105649065301153,0.0
USA,0.01037708017975092,0.003723547834808761,0.00014729976828675717
USA,0.028333330526947975,0.002711890587685654,0.0
USA,0.00208333320915699,2.7056275443597272e-05,0.0
USA,0.00624999962747097,0.0005517575630861125,0.0
USA,0.02295243926346302,-365.21088750860974,-833.3250122070312
USA,0.0,0.0,0.0
USA,0.15205933153629303,0.005183477166360967,0.0
USA,0.10813107341527939,0.00586178308185481,0.0
USA,0.0012378062820062041,0.00010250455705404637,0.0
USA,0.0160216074436903,0.0009626442222927128,0.0
USA,0.07377269119024277,-44.44180377969397,-833.3250122070312
USA,0.0045957486145198345,0.00020921659283472266,0.0
USA,0.24273161590099335,-18.922680121983646,-416.6625061035156
USA,0.021955622360110283,0.0009093191117007455,0.0
USA,0.05089053511619568,0.0022023701292141597,0.0
USA,0.09708338230848312,-374.04554558206036,-833.3250122070312
USA,0.19516108930110931,-149.9073941434947,-833.3250122070312
USA,0.15205933153629303,-13.866510331479367,-416.6551208496094
USA,0.004250658676028252,7.650813680480827e-05,0.0
USA,0.12159600108861923,-31.236450958795693,-416.6625061035156
USA,0.0,0.0,0.0
USA,0.06708662956953049,-3.2670056826343723,-416.6625061035156
USA,0.0914817675948143,-49.01719338036202,-833.3250122070312
USA,0.24395136535167694,0.004671815418336337,0.0
USA,0.16139034926891327,0.005125270876609041,0.0
USA,0.12159600108861923,0.006232995470879489,0.0
USA,0.4331704080104828,-85.70328894412087,-833.3250122070312
USA,0.12159600108861923,0.0025067766396529934,0.0
USA,0.09717688709497452,-24.99131271045611,-833.3250122070312
USA,0.03257420286536217,0.0006559465830731723,0.0
USA,0.0025298648979514837,9.897487943817395e-05,0.0
USA,0.030517427250742912,0.0007210246497992074,0.0
USA,0.1880621314048767,0.015127942888385506,0.0
USA,0.11673947423696518,-212.11438276962286,-833.3250122070312
USA,0.009946058504283428,-349.99577435049537,-833.3250122070312
USA,0.0,-510.3885066986084,-833.3250122070312
USA,0.06494954228401184,-2.771603178134028,-416.6551208496094
USA,0.00102709059137851,3.273265826498607e-05,0.0
USA,0.07196565717458725,-72.0089282515961,-833.3250122070312
USA,0.09558876603841782,0.0024513397160262685,0.0
USA,0.0,0.0,0.0
USA,0.0,0.0,0.0
USA,0.0,0.0,0.0
USA,0.0,0.0,0.0
USA,0.0,0.0,0.0
USA,0.0,0.0,0.0
USA,0.0,0.0,0.0
USA,0.0012499999720603228,2.3148147630746718e-05,0.0
USA,0.0,0.0,0.0
USA,0.0,0.0,0.0
USA,0.0,0.0,0.0
USA,0.0,0.0,0.0
USA,0.0,0.0,0.0
USA,0.0,0.0,0.0
USA,0.0,0.0,0.0
USA,0.0,0.0,0.0
USA,0.0,0.0,0.0
USA,0.0,0.0,0.0
USA,0.0,0.0,0.0
USA,0.0,0.0,0.0
USA,0.0,0.0,0.0
USA,0.0,0.0,0.0
USA,0.0,0.0,0.0
USA,0.0,0.0,0.0
USA,0.0,0.0,0.0
USA,0.0,0.0,0.0
USA,0.0,0.0,0.0
USA,0.0,0.0,0.0
USA,0.0,0.0,0.0
USA,0.0,0.0,0.0
USA,0.0,0.0,0.0
USA,0.0,0.0,0.0
USA,0.0,0.0,0.0
USA,0.0,0.0,0.0
USA,0.0,0.0,0.0
USA,0.0,0.0,0.0
USA,0.0,0.0,0.0
USA,0.0,0.0,0.0
USA,0.0,0.0,0.0
USA,0.0,0.0,0.0
USA,0.0,0.0,0.0
USA,0.0,0.0,0.0
USA,0.0,0.0,0.0
USA,0.0,0.0,0.0
USA,0.0,0.0,0.0
USA,0.0,0.0,0.0
USA,0.0,0.0,0.0
USA,0.0,0.0,0.0
USA,0.0,0.0,0.0
USA,0.0,0.0,0.0
USA,0.0,0.0,0.0
USA,0.0,0.0,0.0
USA,0.0,0.0,0.0
USA,0.0,0.0,0.0
USA,0.0,0.0,0.0
USA,0.0,0.0,0.0
USA,0.0,0.0,0.0
USA,0.0,0.0,0.0
USA,0.015416666865348816,0.00048611111439337645,0.0
USA,0.0,0.0,0.0
USA,0.0,0.0,0.0
USA,0.0,0.0,0.0
USA,0.0,0.0,0.0
USA,0.0007953245076350868,1.4728231622871977e-05,0.0
USA,0.0,0.0,0.0
USA,0.0,0.0,0.0
USA,0.0,0.0,0.0
USA,0.0,0.0,0.0
USA,0.0,0.0,0.0
USA,0.0,0.0,0.0
USA,0.0,0.0,0.0
USA,0.0,0.0,0.0
USA,0.0,0.0,0.0
USA,0.0,0.0,0.0
USA,0.0,0.0,0.0
USA,0.0,0.0,0.0
USA,0.0,0.0,0.0
USA,0.0,0.0,0.0
USA,0.0,0.0,0.0
USA,0.0,0.0,0.0
USA,0.0,0.0,0.0
USA,0.0,0.0,0.0
USA,0.0,0.0,0.0
USA,0.0,0.0,0.0
USA,0.0,0.0,0.0
USA,0.0,0.0,0.0
USA,0.0,0.0,0.0
USA,0.0,0.0,0.0
USA,0.0,0.0,0.0
USA,0.0,0.0,0.0
USA,0.0,0.0,0.0
USA,0.0,0.0,0.0
USA,0.0,0.0,0.0
USA,0.0,0.0,0.0
USA,0.0,0.0,0.0
USA,0.0,0.0,0.0
USA,0.0,0.0,0.0
USA,0.0,0.0,0.0
USA,0.0,0.0,0.0
USA,0.0,0.0,0.0
USA,0.0,0.0,0.0
USA,0.0,0.0,0.0
USA,0.0,0.0,0.0
USA,0.0,0.0,0.0
USA,0.0,0.0,0.0
USA,0.0,0.0,0.0
USA,0.0,0.0,0.0
USA,0.0,0.0,0.0
USA,0.0,0.0,0.0
USA,0.0,0.0,0.0
USA,0.0,0.0,0.0
USA,0.0,0.0,0.0
USA,0.0,0.0,0.0
USA,0.0,0.0,0.0
USA,0.0,0.0,0.0
USA,0.0,0.0,0.0
USA,0.0,0.0,0.0
USA,0.0,0.0,0.0
USA,0.055000003427267075,0.013595554956555133,0.0
USA,0.061033327132463455,0.028334443374640413,0.00638333335518837
USA,0.0,0.0,0.0
USA,0.0017666666535660625,9.714285635189818e-05,0.0
USA,0.06493332237005234,0.017667855955161422,0.0005666666547767818
USA,0.03479999676346779,0.0031499998653998773,0.0
USA,0.06599999219179153,0.018305383733240886,0.0
USA,0.12610000371932983,0.026290415392395516,0.0
USA,0.00492255249992013,0.00016228194692216458,0.0
USA,0.0,0.0,0.0
USA,0.019033333286643028,0.0012420370743047198,0.0
USA,0.0405999980866909,0.008701041447731464,0.0
USA,0.0006666667177341878,4.9333334754919636e-05,0.0
USA,0.04223333299160004,0.02047714245938031,0.0006166666280478239
USA,0.0,0.0,0.0
USA,0.045099999755620956,0.0008346104824340728,0.0
USA,0.030716663226485252,0.010211666073519154,0.0
USA,0.0034833333920687437,0.0002577777638685398,0.0
USA,0.035349998623132706,0.008817777597626749,6.666666740784422e-05
USA,0.04240000247955322,0.0008122507082527248,0.0
USA,0.003533333307132125,0.00017142856774756053,0.0
USA,0.037466663867235184,0.0035042422422768803,0.0
USA,3.333333370392211e-05,4.629629681100293e-07,0.0
USA,0.046566665172576904,0.014061666262568906,0.0
USA,0.035349998623132706,0.008800000019391518,0.0
USA,0.024199998006224632,0.0029671945042013467,0.0
USA,0.02163333259522915,0.0009776142062974307,0.0
USA,0.02761666476726532,0.008465476038509223,3.333333370392211e-05
USA,0.09380000084638596,0.03093154753514682,0.00039999998989515007
USA,0.030716663226485252,0.006220666347362566,0.0
USA,0.0,0.0,0.0
USA,0.1318499892950058,0.021501224165761165,0.0
USA,0.00026666666963137686,1.7708332620713918e-05,0.0
USA,0.07161667197942734,0.0229729161139403,0.0003000000142492354
USA,0.0007959996000863612,4.075362131787825e-05,0.0
USA,0.04646666720509529,0.02229404717218131,0.004249999765306711
USA,0.02498333342373371,0.0013024196363555045,0.0
USA,0.06123332679271698,0.012314814343375878,0.0011166665935888886
USA,0.15746666491031647,0.057142220251262185,0.008483332581818104
USA,0.00492255249992013,0.0002894062040251724,0.0
USA,0.017366668209433556,0.0036325497833634775,0.0
USA,0.12610000371932983,0.024391461728669128,0.0
USA,0.0,0.0,0.0
USA,0.15746666491031647,0.024377776734278694,0.0
USA,0.0,0.0,0.0
USA,0.0004166666476521641,4.4117644018329245e-06,0.0
USA,0.009097191505134106,0.0008099396507387527,0.0
USA,0.029333332553505898,0.013518749619834125,0.0
USA,0.1298166662454605,0.04210428427904844,0.0
USA,0.1298166662454605,0.0600546658039093,0.015183333307504654
USA,0.006253262981772423,6.652470358059156e-05,0.0
USA,0.0,0.0,0.0
USA,0.00814999919384718,0.0008564814577564701,0.0
USA,0.014933332800865173,0.0006017856962249166,0.0
USA,0.03799999877810478,0.020466666125381987,0.0
USA,0.0,0.0,0.0
USA,0.061033327132463455,0.016142261361112884,0.0006333332858048379
USA,0.1318499892950058,0.007381164051867946,0.0
USA,0.04240000247955322,0.0060924241213466636,0.0
USA,0.008750000037252903,0.001128542280660192,0.0
USA,0.03604999929666519,0.005499537565864582,0.0
USA,0.021316664293408394,0.002508888763501697,0.0
USA,0.001899999682791531,0.00011904761018480973,0.0
USA,0.005699999630451202,0.00023111110139224266,0.0
USA,0.0017666666535660625,0.00010533333159401081,0.0
USA,0.0001666666503297165,1.5591413970965236e-06,0.0
USA,0.0,0.0,0.0
USA,0.0,0.0,0.0
USA,0.0,0.0,0.0
USA,0.0,0.0,0.0
USA,0.0,0.0,0.0
USA,0.0,0.0,0.0
USA,0.0,0.0,0.0
USA,0.0,0.0,0.0
USA,0.0,0.0,0.0
USA,0.0,0.0,0.0
USA,0.0,0.0,0.0
USA,0.0,0.0,0.0
USA,0.0,0.0,0.0
USA,0.0,0.0,0.0
USA,0.0,0.0,0.0
USA,0.0,0.0,0.0
USA,0.0,0.0,0.0
USA,0.0,0.0,0.0
USA,0.0,0.0,0.0
USA,0.0,0.0,0.0
USA,0.0,0.0,0.0
USA,0.0,0.0,0.0
USA,0.0,0.0,0.0
USA,0.0,0.0,0.0
USA,0.0,0.0,0.0
USA,0.0,0.0,0.0
USA,0.0,0.0,0.0
USA,0.0,0.0,0.0
USA,0.0,0.0,0.0
USA,0.0,0.0,0.0
USA,0.0,0.0,0.0
USA,0.0,0.0,0.0
USA,0.0,0.0,0.0
USA,0.0,0.0,0.0
USA,0.0,0.0,0.0
USA,0.0,0.0,0.0
USA,0.0,0.0,0.0
USA,0.0,0.0,0.0
USA,0.0,0.0,0.0
USA,0.0,0.0,0.0
USA,0.0,0.0,0.0
USA,0.0,0.0,0.0
USA,0.0,0.0,0.0
USA,0.0,0.0,0.0
USA,0.0,0.0,0.0
USA,0.0,0.0,0.0
USA,0.0,0.0,0.0
USA,0.0,0.0,0.0
USA,0.0,0.0,0.0
USA,0.0,0.0,0.0
USA,0.0,0.0,0.0
USA,0.0,0.0,0.0
USA,0.0,0.0,0.0
USA,0.0,0.0,0.0
USA,0.0,0.0,0.0
USA,0.0,0.0,0.0
USA,0.0,0.0,0.0
USA,0.0,0.0,0.0
USA,0.0,0.0,0.0
USA,0.0,0.0,0.0
USA,0.0,0.0,0.0
USA,0.0,0.0,0.0
USA,0.0,0.0,0.0
USA,0.0,0.0,0.0
USA,0.0,0.0,0.0
USA,0.0,0.0,0.0
USA,0.0,0.0,0.0
USA,0.0,0.0,0.0
USA,0.0,0.0,0.0
USA,0.0,0.0,0.0
USA,0.0,0.0,0.0
USA,0.0,0.0,0.0
USA,0.0,0.0,0.0
USA,0.0,0.0,0.0
USA,0.0,0.0,0.0
USA,0.0,0.0,0.0
USA,0.0,0.0,0.0
USA,0.0,0.0,0.0
USA,0.0,0.0,0.0
USA,0.0,0.0,0.0
USA,0.0,0.0,0.0
USA,0.0,0.0,0.0
USA,0.0,0.0,0.0
USA,0.0,0.0,0.0
USA,0.0,0.0,0.0
USA,0.0,0.0,0.0
USA,0.0,0.0,0.0
USA,0.0,0.0,0.0
USA,0.0,0.0,0.0
USA,0.0,0.0,0.0
USA,0.0,0.0,0.0
USA,0.0,0.0,0.0
USA,0.0,0.0,0.0
USA,0.0,0.0,0.0
USA,0.0,0.0,0.0
USA,0.24810512363910675,0.015308579214592648,0.0
USA,0.025930603966116905,0.0042351068577727346,0.0
USA,0.042997557669878006,0.004718751068624746,0.0
USA,0.0,0.0,0.0
USA,0.32548317313194275,0.06157365631578224,0.0015286421403288841
USA,0.10135643929243088,0.02025335812241893,0.0
USA,0.0317683108150959,0.001207115623685695,0.0
USA,0.0011271907715126872,7.96474868409513e-05,0.0
USA,0.023705435916781425,0.007584172813221812,0.0011839037761092186
USA,0.009762449190020561,0.001451346296158186,0.0
USA,0.04633081331849098,0.0051190192345517615,0.0
USA,0.32548317313194275,0.08914420067643126,0.012358925305306911
USA,0.0024999999441206455,0.00011904761569374906,0.0
USA,0.02265358157455921,0.0030038688749435233,0.0
USA,0.18823425471782684,0.025360895450340593,0.0
USA,0.04030250385403633,0.002774543636237901,0.0
USA,0.046731237322092056,0.014441722312767524,2.128546475432813e-05
USA,0.006666666362434626,0.0009598974741363366,0.0
USA,0.045874547213315964,0.012212153040309204,0.0
USA,0.0,0.0,0.0
USA,0.004771975334733725,0.0006896340621551644,0.0
USA,0.02279442735016346,0.0009113427450178809,0.0
USA,0.07886018604040146,0.014320365310621648,1.2163123756181449e-05
USA,0.0027888964395970106,0.00012363794252855264,0.0
USA,0.022153044119477272,0.004702889660393339,0.0
USA,0.003121881978586316,0.00042733060782893515,0.0
USA,0.057675257325172424,0.010437807216935166,0.0
USA,0.008359878323972225,0.0007859741717333062,0.0
USA,0.002324485220015049,0.00012530861731276525,0.0
USA,0.09197067469358444,0.02287538527743891,0.0015722435200586915
USA,0.0,0.0,0.0
USA,0.06832508742809296,0.015916365030635562,0.0
USA,0.25384676456451416,0.0976713931808869,0.04001133143901825
USA,0.05545563995838165,0.01569290012412239,0.0
USA,0.03727908805012703,0.011615205382501397,0.0004166666476521641
USA,0.0027612021658569574,0.00027414585264133557,0.0
USA,0.024557113647460938,0.003399563373152757,0.0
USA,0.026383398100733757,0.013196010631509126,0.0
USA,0.13201864063739777,0.01799480003804395,0.0
USA,0.023705435916781425,0.006105463916901499,0.0
USA,0.05209807679057121,0.011260104624255161,0.00028887420194223523
USA,0.06855905055999756,0.017645710117600782,0.0
USA,0.24600686132907867,0.098411190820237,0.017522498965263367
USA,0.016044680029153824,0.0043907032691600355,0.0
USA,0.0048804390244185925,0.00023337767621948538,0.0
USA,0.1316760927438736,0.01344317054488004,0.0
USA,0.022153044119477272,0.005967633679184863,0.0
USA,0.10119790583848953,0.019724145893026918,0.0
USA,0.11110604554414749,0.01195754794990739,0.0
USA,0.01800285279750824,0.0018715945548065643,0.0
USA,0.04054677486419678,0.014511171249776252,0.0
USA,0.013757777400314808,0.0005119979859955492,0.0
USA,0.004049565177410841,0.00010072223472148094,0.0
USA,0.1291206330060959,0.03605851460514324,0.005740115884691477
USA,0.1520598977804184,0.044157797548021856,0.0
USA,0.053558576852083206,0.023487777533268347,0.0
USA,0.276759535074234,0.11086230100287746,0.005662333685904741
USA,0.006167739629745483,0.0016223559022263442,2.128546475432813e-05
USA,0.10900171846151352,0.04231758561433741,0.005498685408383608
USA,0.056194547563791275,0.016970373191205517,0.0
USA,0.32854971289634705,0.11223961357027293,0.0
USA,0.0004166666476521641,1.789191654617233e-05,0.0
USA,0.06267771124839783,0.028283070074394345,0.003930609207600355
USA,0.002288434887304902,0.000135897794552875,0.0
USA,0.0526973195374012,0.005598302137167636,0.0
USA,0.0645027682185173,0.0028965902886753494,0.0
USA,0.022031249478459358,0.006788463148820613,0.0
USA,0.012452787719666958,0.0013607880565359664,0.0
USA,0.0035158891696482897,0.00036304837960869917,0.0
USA,0.08130206167697906,0.015754939374850046,0.0
USA,0.08382795006036758,0.012899105526836744,0.0
USA,0.013102726079523563,0.003813171181848572,0.0
USA,0.01683761738240719,0.0022680736043791208,0.0
USA,0.0452149361371994,0.010715285976588423,0.0
USA,0.0014824527315795422,0.0002434680352507712,0.0
USA,0.047140344977378845,0.016808127343319074,8.141853868437465e-06
USA,0.07886018604040146,0.027063204829270642,0.002727820537984371
USA,0.09437236189842224,0.011159497443475715,0.0
USA,0.0,0.0,0.0
USA,0.03994454815983772,0.02286237192650636,0.011155576445162296
USA,0.24810512363910675,0.01308860067879485,0.0
USA,0.06659259647130966,0.00590508709943346,0.0
USA,0.034613024443387985,0.005623752110977875,0.0
USA,0.0,0.0,0.0
USA,0.027438363060355186,0.00982290319765785,0.0001183217391371727
USA,0.006227519363164902,0.0011355793333677866,0.0
USA,0.06801842153072357,0.032233708250957234,0.0013997340574860573
USA,0.0,0.0,0.0
USA,0.003921141382306814,0.0002957054202852305,0.0
USA,0.11640436202287674,0.05607629371806979,0.0021403261926025152
USA,0.1261949986219406,0.035351293438690756,0.0
USA,0.043759386986494064,0.015208279737271369,0.0
USA,0.004771975334733725,0.0006260819340241141,0.0
USA,0.18823425471782684,0.021337192384938437,0.0
USA,0.040772829204797745,0.014184700066430701,0.0031482642516493797
USA,0.029904844239354134,0.007973636655757824,0.0
USA,0.020713815465569496,0.003595260153815616,0.0
USA,0.08000000566244125,0.038352701564629874,0.002916666679084301
USA,0.023261412978172302,0.00766235245585752,0.0
USA,0.0008333332953043282,4.761904544596161e-05,0.0
USA,0.026259897276759148,0.0014139907689241227,0.0
USA,0.0622953362762928,0.015967260793937992,0.0
USA,0.24116414785385132,0.11628014249382196,0.014897339046001434
USA,0.13385088741779327,0.080234877516826,0.04712092876434326
USA,0.007083333563059568,0.0008737488444276838,0.0
USA,0.08874999731779099,0.023687979928581626,0.0
USA,0.24810512363910675,0.041970535988609,0.0
USA,0.0,0.0,0.0
USA,0.05791666731238365,0.005833967058967415,0.0
USA,0.04913946986198425,0.009368491789791733,0.0007886020466685295
USA,0.03227900713682175,0.00613675424780619,0.0
USA,0.14010868966579437,0.025535440405032465,0.0
USA,0.011619456112384796,0.0011516569575178437,0.0
USA,0.09886141866445541,0.008744736644196867,0.0
USA,0.19019417464733124,0.05792303103500874,0.0
USA,0.1128310039639473,0.028636300304372395,0.0
USA,0.13375000655651093,0.054943733324762434,0.0
USA,0.009983417578041553,0.0012520219569978508,0.0
USA,0.060058292001485825,0.01560325150623814,0.0
USA,0.00838050153106451,0.000498160412647923,0.0
USA,0.04260743781924248,0.0016889868515041692,0.0
USA,0.12923169136047363,0.012997850889673025,0.0
USA,0.0011271907715126872,0.00019338995287175841,0.0
USA,0.0645027682185173,0.0023619181876933814,0.0
USA,0.0027888964395970106,8.451201243183782e-05,0.0
USA,0.079890176653862,0.013377045974064257,0.0
USA,0.10274291783571243,0.03650807594447593,0.0
USA,0.0024999999441206455,6.346218391887046e-05,0.0
USA,0.16957218945026398,0.052552606835961344,0.009293708018958569
USA,0.0018531348323449492,0.0002323037315060598,0.0
USA,0.00011268267553532496,1.2804849492650563e-06,0.0
USA,0.047083329409360886,0.011847426974433499,0.0
USA,0.013480227440595627,0.0014539846426487202,0.0
USA,0.0031916985753923655,0.000784875980267922,0.0
USA,0.0685342326760292,0.025903321523219346,0.003930609207600355
USA,0.02461971901357174,0.0028618049385992586,0.0
USA,0.0027888964395970106,8.225835888879374e-05,0.0
USA,0.12419673055410385,0.04860963689473768,0.006288974080234766
USA,0.005616287235170603,0.00013500218839759996,0.0
USA,0.04545564576983452,0.012393004696128801,0.0
USA,0.014347274787724018,0.007485682726837695,0.0015722435200586915
USA,0.018487457185983658,0.0028838448726370793,0.0
USA,0.0008670332026667893,5.903961504199764e-05,0.0
USA,0.033146001398563385,0.0016885411641201894,0.0
USA,0.011249999515712261,0.001590864919113041,0.0
USA,0.026259897276759148,0.0010324597196091736,0.0
USA,0.011249999515712261,0.0015191573246348916,0.0
USA,0.04137927666306496,0.01723814607151629,0.0
USA,0.003859643591567874,0.00025886311232170556,0.0
USA,0.036875221878290176,0.006529922661138698,0.0
USA,0.15694080293178558,0.03544386507564923,0.0
USA,0.1291206330060959,0.0278246170112349,0.0
USA,0.014413371682167053,0.006502449031298359,0.0007742205634713173
USA,0.002916666679084301,0.0007069657783306736,0.0
USA,0.05545563995838165,0.01658938173689724,0.0
USA,0.029338156804442406,0.003971948689043833,0.0
USA,0.005597275216132402,0.0015306626301025972,0.0
USA,0.010302599519491196,0.00011709325822771967,0.0
USA,0.01959902234375477,0.0008987748122308403,0.0
USA,0.06855905055999756,0.010941781018378347,0.00045821277308277786
USA,0.02879626490175724,0.0022673436942568514,0.0
USA,0.003859643591567874,0.0001072123219879965,0.0
USA,0.03162829205393791,0.0027885561459549293,0.0
USA,0.05849951505661011,0.0035741667462778942,0.0
USA,0.040854133665561676,0.019380144505218293,0.0
USA,0.015739478170871735,0.0021782131353071626,0.0
USA,0.020713815465569496,0.0028538639403829316,0.0
USA,0.046731237322092056,0.011529382034010875,0.0004439374606590718
USA,0.05255316570401192,0.005777737856814859,0.0
USA,0.036249998956918716,0.004515972006109743,0.0
USA,0.15782970190048218,0.09844252707192763,0.0012499999720603228
USA,0.057223543524742126,0.025599901486809056,0.0
USA,0.06605842709541321,0.026771014465743467,0.003634304739534855
USA,0.03958424553275108,0.005818363483350757,0.0
USA,0.24810512363910675,0.016024437727604958,0.0
USA,0.040922608226537704,0.0011299850006418473,0.0
USA,0.03921571001410484,0.016380290898294854,0.0
USA,0.0,0.0,0.0
USA,0.07958333194255829,0.02075636583945847,0.0
USA,0.24116414785385132,0.11531511296828588,0.044999998062849045
USA,0.0004166666476521641,5.554316012421623e-05,0.0
USA,0.10333339124917984,0.026041813880308635,0.0017666937783360481
USA,0.06108275055885315,0.018585931090638042,0.0
USA,0.10333339124917984,0.013365314714610577,0.00018244684906676412
USA,0.04588780924677849,0.0162116285180673,0.0019889867398887873
USA,0.09440077096223831,0.003108219539359895,0.0
USA,0.11162445694208145,0.017018098649714375,0.0
USA,0.3131665885448456,0.13782234096101353,0.029573343694210052
USA,0.08821966499090195,-2.2853091965045884,-416.6468811035156
USA,0.14010868966579437,0.03559026551665738,0.0
USA,0.16002145409584045,0.022285971618008,0.00036945517058484256
USA,0.06801842153072357,0.0143292481563787,0.0
USA,0.008986295200884342,0.0009331535690964503,0.0
USA,0.045874547213315964,0.014043481802218594,0.0
USA,0.15694080293178558,0.016543350223320756,0.0
USA,0.0,0.0,0.0
USA,0.1127278208732605,0.02822670328567342,0.0
USA,0.011110424064099789,0.0011339136645866737,0.0
USA,0.07933130860328674,0.0578937033812205,0.04004177078604698
USA,0.10119790583848953,0.035970329565720424,0.005681050941348076
USA,0.06108275055885315,0.01047877043518903,0.0
USA,0.06949272006750107,0.01903592258070906,0.0
USA,0.05359979346394539,0.013698304363060743,0.0
USA,0.04124999791383743,0.0032942579591133613,0.0
USA,0.0004166666476521641,1.8518517673429515e-05,0.0
USA,0.018487457185983658,0.0034278895664101583,0.0
USA,0.011611302383244038,0.0019295015893567324,0.0
USA,0.06250608712434769,0.024111243387172483,0.0
USA,0.11463546752929688,0.038650249273309276,0.0043699778616428375
USA,0.03713053837418556,0.007067561993608251,0.0
USA,0.04416666552424431,0.009034731654017898,0.0
USA,0.03309490904211998,0.009850189726495621,0.0
USA,0.017048435285687447,0.0045586302342902245,0.0
USA,0.10556355118751526,0.0016152233716898732,0.0
USA,0.0879339873790741,0.02610839052229292,0.0043699778616428375
USA,0.06801842153072357,0.014520372472664652,0.0
USA,0.12104848772287369,0.041906911375311516,0.0022455479484051466
USA,0.011699962429702282,0.0008140239076783473,0.0
USA,0.040772829204797745,0.019055950998639066,0.0024999999441206455
USA,0.260103315114975,0.11711096505944928,0.010388946160674095
USA,0.08512067049741745,0.022866345868845072,0.0
USA,0.09440077096223831,0.0037353810481280643,0.0
USA,0.012582909315824509,0.005206942948507276,4.960405476595042e-06
USA,0.11463546752929688,0.04613547402744492,0.0024999999441206455
USA,0.06832508742809296,0.03229884277097881,0.0
USA,0.05641201511025429,0.006893925590864975,0.0
USA,0.0711275264620781,0.011023728160609376,0.0
USA,0.0741666629910469,0.006223921669404764,0.0
USA,0.04397803917527199,0.0020749172289637203,0.0
USA,0.02407224290072918,0.00891549454536289,0.0
USA,0.032061632722616196,0.004662845494966037,0.0
USA,0.01762828789651394,0.0008333645646795654,0.0
USA,0.0241367369890213,0.0010290490612100535,0.0
USA,0.12299129366874695,0.021330068242968993,0.0
USA,0.0004166666476521641,3.150729367471471e-05,0.0
USA,0.036249998956918716,0.0018527779463269956,0.0
USA,0.0,0.0,0.0
USA,0.05581723153591156,0.008533037197781191,0.0
USA,0.0016666665906086564,0.00014448965775955004,0.0
USA,0.16426363587379456,0.00605913658356864,0.0
USA,0.013066902756690979,0.000869432997350241,0.0
USA,0.0400366373360157,0.011336323474218564,5.699297980754636e-05
USA,0.2939544916152954,0.03290368589971747,0.0
USA,0.2939544916152954,0.02704408433540569,0.0
USA,0.0,0.0,0.0
USA,0.052605610340833664,0.011950100373845392,0.0
USA,0.048565033823251724,0.002259704670298864,0.0
USA,0.015709377825260162,0.0030773221141316754,0.0
USA,0.09192690253257751,0.01537363927733774,0.0
USA,0.11833822727203369,0.022084804872671764,0.0
USA,0.012582909315824509,0.0035137795744806985,0.0
USA,0.07603457570075989,0.04095818713041288,0.007595946546643972
USA,0.0019712878856807947,0.0001387993336455414,0.0
USA,0.08221060037612915,0.010890309589797198,0.0
USA,0.1406089812517166,-3.8314060703118296,-416.6139831542969
USA,0.052888523787260056,-139.45894371959147,-833.3250122070312
USA,0.0,0.0,0.0
USA,0.10540000349283218,0.022650297298761352,0.0
USA,0.017249999567866325,0.0015223484939600564,0.0
USA,0.02098250947892666,0.0009648637416830752,0.0
USA,0.18284998834133148,0.027437575229189614,0.0
USA,0.5312333106994629,0.022341883463073767,0.0
USA,0.3158383071422577,-14.307922427597454,-416.6571044921875
USA,0.24534361064434052,0.05416779966970242,0.0
USA,0.5325937271118164,-39.720786880944885,-416.654296875
USA,0.09999999403953552,-6.238981351053553,-416.6067810058594
USA,0.3158383071422577,-8.634449181212025,-416.6529235839844
USA,0.17754101753234863,-5.144144556958956,-416.6140441894531
USA,0.01224999874830246,0.0005639880649011632,0.0
USA,0.13349668681621552,0.04958106887061149,0.0
USA,0.014916665852069855,0.0007861110537002484,0.0
USA,0.03833333030343056,0.001590021022652595,0.0
USA,0.7148333191871643,0.05460222969544702,0.0
USA,0.5501833558082581,0.07924737431752829,0.0
USA,0.20099997520446777,0.06723528910571566,0.0
USA,0.033933334052562714,0.004463235166119428,0.0
USA,0.24615585803985596,-60.89206154540736,-416.6625061035156
USA,0.13333332538604736,0.011568666309479643,0.0
USA,0.23313330113887787,0.01844550170512992,0.0
USA,0.3247999846935272,0.032959952102070623,0.0
USA,0.7091349959373474,-13.472620698121878,-416.650390625
USA,0.23416666686534882,0.05164381230250001,0.0
USA,0.02098250947892666,0.0008781708699340621,0.0
USA,0.0,0.0,0.0
USA,0.0,0.0,0.0
USA,0.0,0.0,0.0
USA,0.0,0.0,0.0
USA,0.0,0.0,0.0
USA,0.0,0.0,0.0
USA,0.0,0.0,0.0
USA,0.0,0.0,0.0
USA,0.0,0.0,0.0
USA,0.0,0.0,0.0
USA,0.0,0.0,0.0
USA,0.0,0.0,0.0
USA,0.0,0.0,0.0
USA,0.0,0.0,0.0
USA,0.003010992193594575,0.00017570163267750845,0.0
USA,0.0,0.0,0.0
USA,0.0,0.0,0.0
USA,0.0,0.0,0.0
USA,0.0,0.0,0.0
USA,0.0,0.0,0.0
USA,0.0,0.0,0.0
USA,0.0,0.0,0.0
USA,0.0,0.0,0.0
USA,0.0,0.0,0.0
USA,0.0,0.0,0.0
USA,0.002358365571126342,8.422734182594078e-05,0.0
USA,0.0,0.0,0.0
USA,0.0,0.0,0.0
USA,0.0,0.0,0.0
USA,0.0,0.0,0.0
USA,0.0,0.0,0.0
USA,0.0,0.0,0.0
USA,0.0,0.0,0.0
USA,0.0,0.0,0.0
USA,0.0011340060736984015,8.00053264053228e-05,0.0
USA,0.0,0.0,0.0
USA,0.0,0.0,0.0
USA,0.0,0.0,0.0
USA,0.0,0.0,0.0
USA,0.0,0.0,0.0
USA,0.0,0.0,0.0
USA,0.0,0.0,0.0
USA,0.0,0.0,0.0
USA,0.0,0.0,0.0
USA,0.0,0.0,0.0
USA,0.0,0.0,0.0
USA,0.0,0.0,0.0
USA,0.0,0.0,0.0
USA,0.0,0.0,0.0
USA,0.0,0.0,0.0
USA,0.0,0.0,0.0
USA,0.0,0.0,0.0
USA,0.0,0.0,0.0
USA,0.0,0.0,0.0
USA,0.0,0.0,0.0
USA,0.0,0.0,0.0
USA,0.0,0.0,0.0
USA,0.0,0.0,0.0
USA,0.0,0.0,0.0
USA,0.0,0.0,0.0
USA,0.0,0.0,0.0
USA,0.0,0.0,0.0
USA,0.0,0.0,0.0
USA,0.0,0.0,0.0
USA,0.0,0.0,0.0
USA,0.0007861217600293458,2.6204058667644858e-05,0.0
USA,0.0,0.0,0.0
USA,0.0,0.0,0.0
USA,0.0,0.0,0.0
USA,0.0,0.0,0.0
USA,0.0,0.0,0.0
USA,0.0,0.0,0.0
USA,0.0,0.0,0.0
USA,0.0011340060736984015,3.780020245661338e-05,0.0
USA,0.0,0.0,0.0
USA,0.0,0.0,0.0
USA,0.0,0.0,0.0
USA,0.0,0.0,0.0
USA,0.0,0.0,0.0
USA,0.0,0.0,0.0
USA,0.0,0.0,0.0
USA,0.0,0.0,0.0
USA,0.0,0.0,0.0
USA,0.0,0.0,0.0
USA,0.0,0.0,0.0
USA,0.0,0.0,0.0
USA,0.0,0.0,0.0
USA,0.0,0.0,0.0
USA,0.0,0.0,0.0
USA,0.0,0.0,0.0
USA,0.0,0.0,0.0
USA,0.0,0.0,0.0
USA,0.0,0.0,0.0
USA,0.0,0.0,0.0
USA,0.0,0.0,0.0
USA,0.0,0.0,0.0
USA,0.0,0.0,0.0
USA,0.0,0.0,0.0
USA,0.0,0.0,0.0
USA,0.0,0.0,0.0
USA,0.003010992193594575,0.0002785797065977628,0.0
USA,0.0,0.0,0.0
USA,0.0,0.0,0.0
USA,0.0,0.0,0.0
USA,0.0,0.0,0.0
USA,0.0,0.0,0.0
USA,0.004626377485692501,0.00019698256094540867,0.0
USA,0.0,0.0,0.0
USA,0.0,0.0,0.0
USA,0.0,0.0,0.0
USA,0.0,0.0,0.0
USA,0.0,0.0,0.0
USA,0.0,0.0,0.0
USA,0.0,0.0,0.0
USA,0.0,0.0,0.0
USA,0.0,0.0,0.0
USA,0.0,0.0,0.0
USA,0.0,0.0,0.0
USA,0.0,0.0,0.0
USA,0.0,0.0,0.0
USA,0.0,0.0,0.0
USA,0.0,0.0,0.0
USA,0.0,0.0,0.0
USA,0.0,0.0,0.0
USA,0.0,0.0,0.0
USA,0.0,0.0,0.0
USA,0.0,0.0,0.0
USA,0.0,0.0,0.0
USA,0.0,0.0,0.0
USA,0.0,0.0,0.0
USA,0.0,0.0,0.0
USA,0.0,0.0,0.0
USA,0.0,0.0,0.0
USA,0.0,0.0,0.0
USA,0.0,0.0,0.0
USA,0.0,0.0,0.0
USA,0.0,0.0,0.0
USA,0.0,0.0,0.0
USA,0.0,0.0,0.0
USA,0.0,0.0,0.0
USA,0.0,0.0,0.0
USA,0.0,0.0,0.0
USA,0.0,0.0,0.0
USA,0.0,0.0,0.0
USA,0.002358365571126342,9.826522909861524e-05,0.0
USA,0.0,0.0,0.0
USA,0.010229411534965038,0.001825427514317891,0.0
USA,0.035958826541900635,-257.9297653645765,-833.3250122070312
USA,0.0013633612543344498,6.545411909387026e-05,0.0
USA,0.06747656315565109,-327.3751839080558,-833.3250122070312
USA,0.5290918350219727,-13.80846617168075,-416.3727111816406
USA,0.01874999888241291,0.0025388019691620555,0.0
USA,0.043157193809747696,-221.08375493597063,-833.3250122070312
USA,0.12234533578157425,0.007276903093566723,0.0
USA,0.06819072365760803,-37.87502555777797,-833.3250122070312
USA,0.0012499999720603228,-327.63204128046283,-833.3250122070312
USA,0.0005685711512342095,1.676879561987984e-05,0.0
USA,0.020283108577132225,-143.22660546933474,-833.3250122070312
USA,0.06819072365760803,0.002182659401476926,0.0
USA,0.23587410151958466,-7.993526632772325,-416.6228332519531
USA,0.11611154675483704,0.03158334740146529,0.0
USA,0.5290918350219727,-45.253332534461634,-416.5445861816406
USA,0.13535375893115997,-41.65646247983635,-416.6625061035156
USA,0.16881437599658966,0.030165793095269084,0.0
USA,0.09184303134679794,-107.8367058339517,-833.3250122070312
USA,0.07964206486940384,0.001639747193419478,0.0
USA,0.16539974510669708,-15.853408487448593,-416.6565246582031
USA,0.010229411534965038,0.000681744554327679,0.0
USA,0.13703714311122894,-17.33569495980373,-416.5445861816406
USA,0.014666666276752949,-381.93382300925714,-833.3250122070312
USA,0.1619480699300766,0.03040358411089983,0.0
USA,0.022377805784344673,-313.84936903626283,-833.3250122070312
USA,0.38780197501182556,-20.80831977932248,-416.6614990234375
USA,0.16017313301563263,0.04011135988144411,0.0
USA,0.11507701873779297,-130.87943351434188,-833.3250122070312
USA,0.29932543635368347,-23.123980040726664,-416.6625061035156
USA,0.04655909538269043,-138.87869012096198,-416.6625061035156
USA,0.0016741066938266158,-34.721545841272764,-833.3250122070312
USA,0.022377805784344673,-221.44263761300087,-833.3250122070312
USA,0.1263023167848587,0.0037025555248626253,0.0
USA,0.021373191848397255,0.0038984742132015526,0.0
USA,0.0643605962395668,-10.819826489996299,-833.3250122070312
USA,0.4660944640636444,-106.61120610768896,-833.3250122070312
USA,0.020283108577132225,0.0007955537378636888,0.0
USA,0.30647143721580505,-36.735154093568845,-416.6585693359375
USA,0.0,0.0,0.0
USA,0.0,0.0,0.0
USA,0.0,0.0,0.0
USA,0.0,0.0,0.0
USA,0.0,0.0,0.0
USA,0.0,0.0,0.0
USA,0.0,0.0,0.0
USA,0.0,0.0,0.0
USA,0.0,0.0,0.0
USA,0.0,0.0,0.0
USA,0.0,0.0,0.0
USA,0.0,0.0,0.0
USA,0.0,0.0,0.0
USA,0.0,0.0,0.0
USA,0.0,0.0,0.0
USA,0.0,0.0,0.0
USA,0.0,0.0,0.0
USA,0.0,0.0,0.0
USA,0.0,0.0,0.0
USA,0.0,0.0,0.0
USA,0.0,0.0,0.0
USA,0.0,0.0,0.0
USA,0.0,0.0,0.0
USA,0.0,0.0,0.0
USA,0.0,0.0,0.0
USA,0.0,0.0,0.0
USA,0.0,0.0,0.0
USA,0.0,0.0,0.0
USA,0.0,0.0,0.0
USA,0.0,0.0,0.0
USA,0.0,0.0,0.0
USA,0.0,0.0,0.0
USA,0.0,0.0,0.0
USA,0.0,0.0,0.0
USA,0.0,0.0,0.0
USA,0.0,0.0,0.0
USA,0.0,0.0,0.0
USA,0.0,0.0,0.0
USA,0.0,0.0,0.0
USA,0.0,0.0,0.0
USA,0.0,0.0,0.0
USA,0.0,0.0,0.0
USA,0.0,0.0,0.0
USA,0.0,0.0,0.0
USA,0.0,0.0,0.0
USA,0.0,0.0,0.0
USA,0.0,0.0,0.0
USA,0.0,0.0,0.0
USA,0.0,0.0,0.0
USA,0.0,0.0,0.0
USA,0.0,0.0,0.0
USA,0.0,0.0,0.0
USA,0.0,0.0,0.0
USA,0.0,0.0,0.0
USA,0.0,0.0,0.0
USA,0.12343334406614304,0.013195714458665212,0.0
USA,0.022581100463867188,0.0007204913223783175,0.0
USA,0.0011500000255182385,3.375000051164534e-05,0.0
USA,0.01829635165631771,0.0004264981669868216,0.0
USA,0.0,0.0,0.0
USA,0.05026666820049286,0.002008163269071089,0.0
USA,0.0,0.0,0.0
USA,0.0,0.0,0.0
USA,0.006850000470876694,0.0007037037023110316,0.0
USA,0.0011333333095535636,4.1836732820303616e-05,0.0
USA,0.1830499917268753,0.04611527666808494,0.0
USA,0.00026666666963137686,8.888888987712563e-06,0.0
USA,0.09165000170469284,0.023648765057765156,0.0
USA,0.02086666412651539,0.0010352380091457494,0.0
USA,0.0,0.0,0.0
USA,0.0,0.0,0.0
USA,0.009433332830667496,0.0015289681694065664,0.0
USA,0.01769999973475933,0.0025555554748279974,0.0
USA,0.0,0.0,0.0
USA,0.0,0.0,0.0
USA,0.0,0.0,0.0
USA,0.03323333337903023,0.0025148147875471397,0.0
USA,0.026766667142510414,0.009078666621498997,0.0
USA,0.006449999753385782,0.0005008333188015968,0.0
USA,0.06371665745973587,0.00836095200336006,0.0
USA,0.0,0.0,0.0
USA,0.05518333613872528,0.004421388909455952,0.0
USA,0.026149997487664223,0.00332944422455815,0.0
USA,0.024316666647791862,0.00407142848728524,0.0
USA,0.0,0.0,0.0
USA,0.0,0.0,0.0
USA,0.05518333613872528,0.006911666555970442,0.0
USA,0.06371665745973587,0.01979047561755059,0.0
USA,0.0,0.0,0.0
USA,0.0,0.0,0.0
USA,0.0,0.0,0.0
USA,0.0,0.0,0.0
USA,0.0,0.0,0.0
USA,0.1503666639328003,0.026777333127392923,0.0
USA,0.0,0.0,0.0
USA,0.0,0.0,0.0
USA,0.05518333613872528,0.0032774306003678553,0.0
USA,0.0,0.0,0.0
USA,0.0,0.0,0.0
USA,0.0,0.0,0.0
USA,0.0,0.0,0.0
USA,0.007466666400432587,0.0005809523507715701,0.0
USA,0.0,0.0,0.0
USA,0.0,0.0,0.0
USA,0.0,0.0,0.0
USA,0.0,0.0,0.0
USA,0.0,0.0,0.0
USA,0.03583333268761635,0.004567777570870627,0.0
USA,0.031716663390398026,0.007098809354179788,0.0
USA,0.0,0.0,0.0
USA,0.0,0.0,0.0
USA,0.12343334406614304,0.011771874876103539,0.0
USA,0.0,0.0,0.0
USA,0.0,0.0,0.0
USA,0.0,0.0,0.0
USA,0.0,0.0,0.0
USA,0.05523332580924034,0.00633714263645483,0.0
USA,0.012116665951907635,0.0009579545178646433,0.0
USA,0.0,0.0,0.0
USA,0.0,0.0,0.0
USA,0.0,0.0,0.0
USA,0.0,0.0,0.0
USA,0.0,0.0,0.0
USA,0.0,0.0,0.0
USA,0.0009833333315327764,4.374999995585919e-05,0.0
USA,0.0,0.0,0.0
USA,0.0,0.0,0.0
USA,0.009399999864399433,-37.87826108112819,-416.6625061035156
USA,0.0,-326.95820215013293,-416.6625061035156
USA,6.526224296976579e-06,-398.39399734232876,-416.6625061035156
USA,0.32953333854675293,-43.85250862376895,-416.6625061035156
USA,0.005833332892507315,-369.8186668718052,-416.6625061035156
USA,0.037108469754457474,-328.27165063771633,-416.6625061035156
USA,0.013783332891762257,-231.47902500231268,-416.6625061035156
USA,0.0025333331432193518,-32.46714628289409,-416.6625061035156
USA,0.0,-257.92474195692273,-416.6625061035156
USA,0.003946276847273111,-342.5044139484418,-416.6625061035156
USA,0.010833333246409893,0.0003439102478855952,0.0
USA,0.0,0.0,0.0
USA,-416.6541442871094,-416.66229044596355,-416.6625061035156
USA,0.0007482413784600794,-273.1453915093724,-416.6625061035156
USA,0.4227166473865509,-142.98056511323006,-416.6625061035156
USA,0.14168332517147064,-71.42208542015568,-416.6625061035156
USA,0.006115917582064867,-362.4848380266166,-416.6625061035156
USA,0.0024166665971279144,-69.75795501883947,-416.6625061035156
USA,0.32163330912590027,-23.144096900134475,-416.6625061035156
USA,0.12068333476781845,0.0028237688715597124,0.0
USA,0.32163330912590027,0.020141558032618932,0.0
USA,0.0,-315.7336211204529,-416.6625061035156
USA,0.0,-345.63525286587804,-416.6625061035156
